"M,""1001"",""Milt Skillern"",""948-784-5318"",""52 Old Gate Center"""
"2XL,""1002"",""D'arcy Seefus"",""935-558-7544"",""616 Glendale Way"""
"3XL,""1003"",""Josefa Lardeux"",""358-132-6737"",""132 Kropf Crossing"""
"S,""1004"",""Gillie Robrow"",""832-251-9252"",""0 Forest Dale Pass"""
"XL,""1005"",""Jasmin Keeltagh"",""238-812-5167"",""8 Bellgrove Way"""
"XS,""1006"",""Crissie Darko"",""533-396-1098"",""8 Sachtjen Terrace"""
"XS,""1007"",""Fairleigh Freeman"",""809-513-6591"",""4822 Orin Center"""
"S,""1008"",""Anneliese Vanlint"",""367-330-1162"",""223 Jay Trail"""
"M,""1009"",""Pietrek Petrovic"",""919-893-2682"",""159 Forster Junction"""
"L,""1010"",""Ashlan McKay"",""522-907-1385"",""3854 Pepper Wood Junction"""
"L,""1011"",""Quinn Rowlett"",""142-882-9895"",""176 Ridgeview Place"""
"L,""1012"",""Kym Lothean"",""397-717-0797"",""64223 Arrowood Crossing"""
"3XL,""1013"",""Barbara MacCostye"",""331-467-0152"",""8 Welch Parkway"""
"XS,""1014"",""Charlean Flag"",""467-296-1232"",""292 Lakewood Road"""
"XL,""1015"",""Tripp Chooter"",""603-436-5128"",""1938 Summerview Hill"""
"3XL,""1016"",""Port Heasman"",""931-385-0406"",""44 Brown Drive"""
"L,""1017"",""Claudina McGrail"",""354-859-9047"",""3 Sommers Place"""
"L,""1018"",""Melosa Grinston"",""670-646-4275"",""89 Graedel Court"""
"L,""1019"",""Joseito Ianitti"",""560-738-7377"",""088 Hazelcrest Road"""
"3XL,""1020"",""Paul Stearley"",""574-712-1585"",""1890 Graedel Trail"""
"XS,""1021"",""Zahara Capun"",""142-592-6875"",""04 Stoughton Plaza"""
"L,""1022"",""Arnuad O'Dare"",""226-949-6929"",""71 Garrison Plaza"""
"3XL,""1023"",""Colin Jindrich"",""765-459-4144"",""55 Karstens Terrace"""
"3XL,""1024"",""Louisa Dowsey"",""631-114-0904"",""5 Upham Point"""
"M,""1025"",""Dara Corse"",""345-739-0535"",""6819 Eggendart Drive"""
"S,""1026"",""Rosina Axelbee"",""151-465-0590"",""8269 Delladonna Court"""
"L,""1027"",""Denice Dockwray"",""322-909-4667"",""9 Mesta Pass"""
"3XL,""1028"",""Hermia Kleuer"",""187-262-1453"",""73297 Hovde Way"""
"M,""1029"",""Elsy Calvey"",""856-268-6431"",""622 Service Street"""
"XL,""1030"",""Genovera Mesant"",""874-564-8621"",""892 Moulton Avenue"""
"XL,""1031"",""Griselda Baddow"",""629-903-4747"",""63366 American Way"""
"XL,""1032"",""Pace Bernhart"",""447-983-0203"",""87119 Chinook Center"""
"S,""1033"",""Edi Philip"",""723-466-0471"",""3 Fairfield Parkway"""
"M,""1034"",""Rozina Twomey"",""585-384-2890"",""5 Kedzie Circle"""
"S,""1035"",""Foss Cucinotta"",""150-623-5101"",""889 Loftsgordon Avenue"""
"S,""1036"",""Mattias Stainland"",""413-113-1949"",""8 Kingsford Hill"""
"2XL,""1037"",""Maurise Alexander"",""903-190-5846"",""3836 Summit Court"""
"L,""1038"",""Fraser Rubinfajn"",""250-977-1346"",""71779 Declaration Terrace"""
"2XL,""1039"",""Gerry Guirau"",""436-186-1190"",""14 Redwing Point"""
"XL,""1040"",""Meggi Babonau"",""478-181-5055"",""09 Michigan Crossing"""
"XL,""1041"",""Chauncey Nibloe"",""810-439-1027"",""35528 Rusk Crossing"""
"2XL,""1042"",""Ced Tripet"",""194-598-2396"",""55 Reinke Hill"""
"L,""1043"",""Benny Shepard"",""624-311-8599"",""55199 Dunning Park"""
"3XL,""1044"",""Tom Jennaroy"",""301-875-4078"",""68211 Merry Court"""
"2XL,""1045"",""Linet Camden"",""925-665-3013"",""48 Springs Lane"""
"L,""1046"",""Saw Artois"",""141-100-8696"",""90 Dakota Plaza"""
"L,""1047"",""Scotty Ablett"",""501-467-1938"",""53 Anderson Place"""
"S,""1048"",""Aeriela MacAnelley"",""342-931-8481"",""69741 Morningstar Place"""
"M,""1049"",""Shannen Lahrs"",""242-598-8042"",""4295 Redwing Pass"""
"XS,""1050"",""Greta Hirtzmann"",""212-746-2091"",""617 5th Road"""
"3XL,""1051"",""Irita McAlees"",""999-223-2634"",""132 Prairieview Park"""
"XS,""1052"",""Carl Shoebridge"",""345-246-5448"",""6 Gerald Pass"""
"S,""1053"",""Sim Worner"",""147-192-1142"",""039 Helena Street"""
"L,""1054"",""Cristie Mordecai"",""523-985-5653"",""7521 Grover Junction"""
"S,""1055"",""Schuyler Kenny"",""950-640-0075"",""68746 Old Gate Pass"""
"S,""1056"",""Aubry Barbrook"",""298-418-7642"",""5 Hallows Circle"""
"S,""1057"",""Marcelo Peddowe"",""859-225-2189"",""1944 Pennsylvania Park"""
"L,""1058"",""Deane Mechell"",""926-914-4049"",""42 West Alley"""
"M,""1059"",""Alon Dumphries"",""961-247-3953"",""01 Westend Crossing"""
"S,""1060"",""Gwenni Axby"",""857-373-6882"",""5 Everett Parkway"""
"L,""1061"",""Patty Tweede"",""938-510-0568"",""88 5th Junction"""
"M,""1062"",""Brewster Gonning"",""129-110-4626"",""5467 Merchant Lane"""
"2XL,""1063"",""Wandis Marquese"",""489-797-6448"",""40 Sachtjen Street"""
"L,""1064"",""Vevay Hidderley"",""475-209-7767"",""866 Johnson Plaza"""
"S,""1065"",""Suzy Dorsey"",""545-751-4490"",""80 Heffernan Court"""
"XS,""1066"",""Kristoforo Trembey"",""650-949-4246"",""0739 Delladonna Court"""
"S,""1067"",""Betti Viveash"",""191-837-3335"",""8 Dexter Avenue"""
"XL,""1068"",""Caroljean Burvill"",""214-457-3940"",""5 Ridge Oak Pass"""
"L,""1069"",""Maud Gadeaux"",""180-472-3486"",""56 Mallard Trail"""
"XL,""1070"",""Maggee Leger"",""781-437-1833"",""0009 Walton Trail"""
"XS,""1071"",""Car Pietz"",""752-285-2149"",""3205 Ludington Lane"""
"2XL,""1072"",""Chadd Eidelman"",""513-568-1308"",""4 Superior Parkway"""
"XL,""1073"",""Glynn Hebburn"",""927-715-1242"",""8 Warner Hill"""
"XL,""1074"",""Pietrek Siderfin"",""441-476-0541"",""4054 Jenifer Way"""
"2XL,""1075"",""Dacia Levecque"",""597-447-6151"",""431 Sugar Way"""
"3XL,""1076"",""Lotte Smurthwaite"",""768-579-7705"",""63252 Eliot Parkway"""
"3XL,""1077"",""Golda Steffans"",""328-117-4191"",""56617 Towne Trail"""
"L,""1078"",""Cherye Bridden"",""322-679-2821"",""237 Troy Place"""
"3XL,""1079"",""Devina Blastock"",""539-572-7015"",""0350 Kedzie Center"""
"S,""1080"",""Shellie Lowsely"",""974-854-0409"",""47 Menomonie Park"""
"L,""1081"",""Quent Westlake"",""925-616-6344"",""3 Sloan Plaza"""
"2XL,""1082"",""Britt Picton"",""651-721-7985"",""82889 Dapin Street"""
"XS,""1083"",""Tann Valens-Smith"",""485-612-4733"",""5101 Dottie Pass"""
"M,""1084"",""Frank Ilbert"",""864-934-5898"",""8 Cascade Alley"""
"XS,""1085"",""Monro Vitall"",""246-731-2821"",""6751 Lighthouse Bay Crossing"""
"XL,""1086"",""Hercule Janssens"",""216-732-7575"",""2 Melody Terrace"""
"S,""1087"",""Francyne Kareman"",""689-211-1511"",""43 Transport Drive"""
"M,""1088"",""Evy Gravenall"",""549-441-0697"",""32 Delladonna Center"""
"2XL,""1089"",""Davis Staig"",""625-540-0469"",""6261 Sachtjen Lane"""
"XL,""1090"",""Vassily Hemphrey"",""804-131-9315"",""9001 Dayton Place"""
"M,""1091"",""Nick Hutchison"",""625-844-0585"",""0313 Meadow Vale Point"""
"XS,""1092"",""Dar Otley"",""427-513-9744"",""4 Gulseth Center"""
"S,""1093"",""Kev Peto"",""706-790-3077"",""2 Elmside Alley"""
"XL,""1094"",""Dorene Serrier"",""790-971-2172"",""85585 Esker Avenue"""
"S,""1095"",""Mariann Artindale"",""405-144-4597"",""788 Clove Point"""
"L,""1096"",""Tiffani Maber"",""576-563-4865"",""2 Marcy Pass"""
"3XL,""1097"",""Norri Berget"",""669-412-0156"",""4954 Independence Hill"""
"XL,""1098"",""Lynde Espinay"",""607-426-3266"",""07 Hallows Plaza"""
"XS,""1099"",""Carlen Hoopper"",""447-866-0904"",""57 Old Gate Crossing"""
"L,""1100"",""Stanislas Mowat"",""875-966-3040"",""7217 Fairview Drive"""
"S,""1101"",""Elston Herreran"",""605-848-1076"",""18919 Vernon Street"""
"2XL,""1102"",""Alyson Grund"",""971-715-9009"",""05855 Portage Center"""
"L,""1103"",""Sandro Godman"",""227-674-4064"",""0 Nancy Way"""
"XL,""1104"",""Brendan Croasdale"",""402-802-6395"",""8 Starling Street"""
"2XL,""1105"",""Shirleen Belsham"",""754-289-6361"",""54 Mayfield Lane"""
"L,""1106"",""Jonie Shurrocks"",""865-388-3597"",""4 Clyde Gallagher Pass"""
"3XL,""1107"",""Kessiah McIlory"",""635-319-9141"",""6680 Norway Maple Center"""
"3XL,""1108"",""Mandie Abramski"",""877-720-6722"",""848 Nancy Pass"""
"XS,""1109"",""Leeanne Swindells"",""457-441-3857"",""77 Jana Plaza"""
"XL,""1110"",""Lissy Tramel"",""888-137-7531"",""154 Golden Leaf Terrace"""
"M,""1111"",""Roth Cockrem"",""501-168-8693"",""3 Blaine Lane"""
"2XL,""1112"",""Wilona Caccavella"",""602-827-5350"",""224 Morrow Pass"""
"XS,""1113"",""Sher Blenkiron"",""680-703-2184"",""40979 Esch Plaza"""
"XL,""1114"",""Aloysia Harteley"",""197-694-8915"",""9376 La Follette Point"""
"S,""1115"",""Elmo Pechet"",""353-267-5777"",""1957 5th Trail"""
"L,""1116"",""Karrie Kunrad"",""240-891-1607"",""43873 Corscot Lane"""
"3XL,""1117"",""Parnell Perryn"",""138-522-5469"",""8 Tomscot Center"""
"L,""1118"",""Hervey Burford"",""172-787-7843"",""6 Longview Avenue"""
"M,""1119"",""Evelyn Gruszczak"",""353-621-8170"",""9414 Melody Pass"""
"S,""1120"",""Emlynn Butterly"",""673-132-1532"",""4069 North Alley"""
"3XL,""1121"",""Chance Theaker"",""527-702-6242"",""4310 Fulton Drive"""
"L,""1122"",""Fidel Samms"",""533-450-8729"",""90237 Morningstar Court"""
"XL,""1123"",""Hort German"",""566-690-8935"",""8947 Eastlawn Point"""
"M,""1124"",""Germaine McCreath"",""526-138-9584"",""61 Northwestern Terrace"""
"L,""1125"",""Gayel Le - Count"",""839-594-1893"",""2 Bluestem Avenue"""
"XL,""1126"",""Shelagh Armstrong"",""828-940-6430"",""77 Oxford Center"""
"L,""1127"",""Willow Rustadge"",""160-118-2569"",""10697 Rowland Center"""
"M,""1128"",""Jarret Brand"",""973-229-6151"",""75099 Lighthouse Bay Court"""
"2XL,""1129"",""Etan Orneblow"",""543-164-7209"",""527 Warner Pass"""
"XS,""1130"",""Grace Loxly"",""731-501-9751"",""7 Cottonwood Place"""
"M,""1131"",""Bari Yeell"",""959-490-4304"",""2490 Fuller Hill"""
"XS,""1132"",""Melisenda Jozefiak"",""789-188-4576"",""31652 4th Street"""
"M,""1133"",""Jillana Wyche"",""336-994-9919"",""8919 Di Loreto Plaza"""
"XS,""1134"",""Jerrylee McManamon"",""925-204-2211"",""0 East Circle"""
"S,""1135"",""Madelon Suddards"",""560-707-1355"",""7 Menomonie Hill"""
"2XL,""1136"",""Titus Wimpress"",""710-641-6007"",""05469 Marquette Terrace"""
"XL,""1137"",""Arman Lahy"",""464-337-3924"",""2 Arapahoe Point"""
"3XL,""1138"",""Cad Bagot"",""327-319-2421"",""5138 Packers Parkway"""
"XS,""1139"",""Mahala Mityashev"",""926-161-7534"",""84028 Manufacturers Terrace"""
"M,""1140"",""Tye Sunman"",""829-638-7251"",""839 Dunning Lane"""
"M,""1141"",""Morley Job"",""116-540-6358"",""32076 Sloan Place"""
"XL,""1142"",""Raviv Folke"",""912-695-2646"",""92 Shasta Junction"""
"XS,""1143"",""Roosevelt Labbez"",""192-174-4477"",""1 Service Lane"""
"S,""1144"",""Taddeo Baudts"",""593-725-5575"",""471 Oneill Terrace"""
"M,""1145"",""Francoise Plait"",""396-162-6560"",""376 Commercial Junction"""
"M,""1146"",""Augusto Goodhew"",""361-592-2725"",""15 Namekagon Park"""
"M,""1147"",""Verene Worsam"",""115-213-6881"",""4931 Hooker Center"""
"L,""1148"",""Kit Jaskowicz"",""598-605-1093"",""657 Mifflin Road"""
"XL,""1149"",""Arman Light"",""498-968-1924"",""64 Brown Avenue"""
"2XL,""1150"",""Baldwin Gudgin"",""354-668-3712"",""70021 Fremont Alley"""
"XS,""1151"",""Conrad Sappell"",""542-545-5054"",""32580 Chinook Way"""
"2XL,""1152"",""Amelina Leney"",""977-106-4317"",""9293 Washington Avenue"""
"L,""1153"",""Halley De Freyne"",""339-912-7793"",""38328 Union Street"""
"2XL,""1154"",""Marcelline Barrett"",""529-318-7105"",""236 Westerfield Plaza"""
"M,""1155"",""Darice Coppard"",""556-658-6462"",""9 Mariners Cove Trail"""
"L,""1156"",""Cherey Dorrance"",""741-413-4705"",""66530 Ramsey Circle"""
"3XL,""1157"",""Caro Chatain"",""633-542-4276"",""9998 Marquette Junction"""
"XL,""1158"",""Lorelle Donnersberg"",""889-459-3342"",""3 Morning Park"""
"L,""1159"",""Harwilll Scrinage"",""345-762-9628"",""03026 Lakewood Drive"""
"XS,""1160"",""Manya Fockes"",""174-438-5372"",""5 Katie Way"""
"M,""1161"",""Hanan McCarl"",""793-898-3282"",""73 Nancy Circle"""
"2XL,""1162"",""Muhammad Maudett"",""896-436-1683"",""0683 Tennyson Plaza"""
"XS,""1163"",""Frederic Poacher"",""156-579-6507"",""059 Jenifer Crossing"""
"S,""1164"",""Marius Togher"",""615-971-9485"",""74 Carioca Center"""
"2XL,""1165"",""Muffin Pahlsson"",""594-575-3243"",""56 Springs Hill"""
"L,""1166"",""Wally Shevelin"",""346-421-2229"",""70139 Ruskin Way"""
"XL,""1167"",""Deena Flacknell"",""231-542-9955"",""85 Pine View Place"""
"XL,""1168"",""Winne De la Yglesias"",""667-633-1546"",""475 Surrey Circle"""
"S,""1169"",""Stavro Labat"",""664-596-6699"",""13 Eastlawn Road"""
"3XL,""1170"",""Hermione Erett"",""821-893-7740"",""3575 Hudson Pass"""
"2XL,""1171"",""Hervey Nother"",""924-233-6365"",""412 Maywood Pass"""
"XL,""1172"",""Aimee Basnall"",""930-209-7886"",""36 Mendota Hill"""
"M,""1173"",""Martguerita Cawthera"",""586-200-4846"",""54 Sugar Pass"""
"XS,""1174"",""Carolyne Raggitt"",""956-402-1530"",""05847 Crownhardt Point"""
"XS,""1175"",""Tuck Beardow"",""656-576-0670"",""18 Sundown Crossing"""
"3XL,""1176"",""Caspar Thibodeaux"",""128-877-4786"",""83 Magdeline Hill"""
"XL,""1177"",""Ina Josovich"",""170-795-2350"",""7020 Bellgrove Road"""
"XL,""1178"",""Hermy Elvidge"",""701-659-6271"",""203 American Avenue"""
"S,""1179"",""Janeta Midner"",""842-216-0972"",""65 Tony Parkway"""
"S,""1180"",""Franklyn Bricksey"",""363-486-5317"",""2882 Eastlawn Parkway"""
"XL,""1181"",""Gunilla Piatti"",""761-795-0763"",""10 Grasskamp Pass"""
"2XL,""1182"",""Christie Bail"",""429-312-9433"",""76 Schlimgen Junction"""
"L,""1183"",""Nadya Phettis"",""996-139-0502"",""289 Schiller Circle"""
"S,""1184"",""Demetre Gosnoll"",""302-650-5106"",""6 Tomscot Drive"""
"S,""1185"",""Taber Vedekhin"",""922-947-9562"",""60783 Hauk Parkway"""
"XS,""1186"",""Gerhardine Byrde"",""961-267-9889"",""86 Johnson Crossing"""
"S,""1187"",""Jory Beesley"",""471-214-4711"",""9666 Chinook Plaza"""
"3XL,""1188"",""Bearnard Sumers"",""546-584-2959"",""307 Bluejay Lane"""
"S,""1189"",""Corenda Ren"",""123-891-1538"",""5711 Lunder Terrace"""
"L,""1190"",""Tripp Finci"",""149-276-3038"",""378 Lakeland Park"""
"L,""1191"",""Seamus Aleixo"",""176-519-2691"",""09 Manufacturers Court"""
"S,""1192"",""Gennifer Chalfont"",""880-966-5657"",""95954 Sommers Plaza"""
"XL,""1193"",""Farah Moreno"",""700-202-6573"",""1 Kings Parkway"""
"M,""1194"",""Editha MacBean"",""135-764-4321"",""303 Summit Alley"""
"XS,""1195"",""Marc Edgecumbe"",""508-965-0449"",""19096 Russell Drive"""
"XL,""1196"",""Sorcha Olivelli"",""552-293-9451"",""037 Moose Park"""
"XS,""1197"",""Lenard Plail"",""128-209-0445"",""8893 Dottie Terrace"""
"L,""1198"",""Sabina Eby"",""848-606-6055"",""35 Atwood Junction"""
"M,""1199"",""Justin Gorstidge"",""582-146-6967"",""34946 Nevada Park"""
"XS,""1200"",""Stephen Lockhead"",""790-286-2919"",""91935 Kingsford Terrace"""
"3XL,""1201"",""Shel Olennikov"",""204-460-9005"",""5 Hollow Ridge Alley"""
"M,""1202"",""Drucill Twelves"",""766-446-3790"",""13851 Packers Pass"""
"2XL,""1203"",""Flossy Tindle"",""840-562-3566"",""5 Banding Trail"""
"M,""1204"",""Otho Bellenger"",""899-338-6723"",""577 Warrior Road"""
"M,""1205"",""Ban Pettitt"",""599-845-1311"",""725 Boyd Terrace"""
"L,""1206"",""Dannie Ridding"",""395-516-2113"",""30 Grasskamp Circle"""
"3XL,""1207"",""Danielle Quimby"",""533-949-7028"",""0839 Meadow Ridge Park"""
"XS,""1208"",""Patricio Pinchen"",""130-951-3423"",""8 Stephen Way"""
"2XL,""1209"",""Emmalynn Arnaldo"",""895-859-9318"",""26 Cambridge Parkway"""
"XL,""1210"",""Isaak Hampe"",""734-642-1888"",""6356 Montana Street"""
"S,""1211"",""El Beckitt"",""906-568-9175"",""3764 Melody Hill"""
"XL,""1212"",""Marcie Annell"",""851-197-7514"",""84392 Helena Point"""
"M,""1213"",""Deonne Corkan"",""806-412-8264"",""616 Kim Court"""
"XL,""1214"",""Bili Bilton"",""547-180-9854"",""6988 Prairieview Parkway"""
"M,""1215"",""Annis Wistance"",""813-890-0445"",""5023 Anniversary Avenue"""
"2XL,""1216"",""Frederico Nower"",""212-929-4791"",""278 Corscot Junction"""
"XS,""1217"",""Tome Parrett"",""356-346-3188"",""4888 Red Cloud Place"""
"2XL,""1218"",""Cindra Egginton"",""196-216-9400"",""44 Hooker Junction"""
"L,""1219"",""Josephine Reardon"",""451-145-2378"",""5249 Sommers Plaza"""
"XL,""1220"",""Guinevere Reichert"",""437-149-5237"",""578 Maple Wood Lane"""
"M,""1221"",""Adora Colleton"",""241-440-9328"",""60837 Golf View Circle"""
"3XL,""1222"",""Cristin MacAless"",""566-927-0086"",""607 Rowland Drive"""
"S,""1223"",""Whitman Darbyshire"",""726-724-7302"",""880 Bellgrove Point"""
"S,""1224"",""Odie Wimpey"",""883-605-2878"",""109 Express Alley"""
"3XL,""1225"",""Helli Gummow"",""274-515-4076"",""9 Anniversary Pass"""
"M,""1226"",""Libbie Steinson"",""436-107-9270"",""0992 Meadow Ridge Center"""
"M,""1227"",""Emlynne Higbin"",""318-649-4386"",""95 Harbort Circle"""
"M,""1228"",""Llywellyn Dranfield"",""347-317-7714"",""26 Summit Circle"""
"M,""1229"",""Debbi Puffett"",""229-294-2649"",""401 Claremont Drive"""
"S,""1230"",""Abrahan Nolton"",""617-976-2860"",""347 Northwestern Court"""
"XS,""1231"",""Ina Scripps"",""295-529-6469"",""76 Oakridge Terrace"""
"M,""1232"",""Kienan Tristram"",""749-601-7863"",""2 Hallows Junction"""
"S,""1233"",""Kev Ambroz"",""379-564-9985"",""402 Duke Plaza"""
"XL,""1234"",""Janice Ivkovic"",""507-309-6518"",""85806 Dexter Center"""
"S,""1235"",""Cullan Broxis"",""940-616-4783"",""6619 Lotheville Point"""
"XS,""1236"",""Lindsey Cockaday"",""561-807-7906"",""05774 Shopko Plaza"""
"XS,""1237"",""Ciel O'Roan"",""397-299-6766"",""31976 Columbus Pass"""
"XL,""1238"",""Channa Swains"",""869-990-7839"",""9266 Reinke Avenue"""
"XS,""1239"",""Drusie Illingsworth"",""879-282-1643"",""16825 Corben Center"""
"XL,""1240"",""Marlin Dewett"",""705-750-4232"",""541 Iowa Trail"""
"XS,""1241"",""Juline Swyndley"",""785-921-2191"",""062 Fuller Hill"""
"XS,""1242"",""Lacey Ciccottio"",""372-584-4292"",""2 Loeprich Drive"""
"L,""1243"",""Ignatius Hefner"",""750-112-1943"",""38042 Anthes Plaza"""
"3XL,""1244"",""Tana Trenoweth"",""647-446-5643"",""29 7th Park"""
"M,""1245"",""Eziechiele Moyne"",""579-748-8294"",""2 Del Sol Trail"""
"L,""1246"",""Savina Baskett"",""635-697-3521"",""5960 Calypso Plaza"""
"XL,""1247"",""Nelle Stennine"",""101-607-2425"",""2 Messerschmidt Center"""
"3XL,""1248"",""Hugh Henrie"",""145-663-0099"",""1474 Arrowood Crossing"""
"L,""1249"",""Milissent Welsby"",""959-759-6901"",""3208 Memorial Place"""
"XL,""1250"",""Rosabelle Bruniges"",""148-187-7211"",""4 Eliot Way"""
"XL,""1251"",""Reinaldo Cumbes"",""580-225-7783"",""4 Becker Street"""
"2XL,""1252"",""Puff Quennell"",""601-443-7099"",""69842 7th Court"""
"S,""1253"",""Nanon Nestoruk"",""752-535-8839"",""94317 Mitchell Hill"""
"S,""1254"",""Robin Garratt"",""350-538-7805"",""2 Killdeer Hill"""
"2XL,""1255"",""Antonie Ricket"",""300-628-6220"",""1 Del Mar Pass"""
"2XL,""1256"",""Kary McGuffog"",""468-808-6171"",""76088 Fairfield Point"""
"M,""1257"",""Gwenette MacMurray"",""582-673-1210"",""2 Village Pass"""
"XL,""1258"",""Sam Mussington"",""781-957-9955"",""198 Ruskin Alley"""
"M,""1259"",""Eydie Alexsandrev"",""666-176-9915"",""564 Cardinal Drive"""
"L,""1260"",""Prentice Pawle"",""886-989-0528"",""94 Bayside Road"""
"XL,""1261"",""Maggie Syseland"",""430-359-4498"",""2955 Scoville Lane"""
"XL,""1262"",""Rosemary Kerbler"",""332-222-5725"",""0 Londonderry Drive"""
"L,""1263"",""Lucretia Coddrington"",""996-362-6204"",""4756 Basil Street"""
"3XL,""1264"",""Georgeanna Balloch"",""923-758-8694"",""04733 Anthes Parkway"""
"3XL,""1265"",""Jay Sinkinson"",""648-560-7363"",""1 Oak Junction"""
"2XL,""1266"",""Aigneis Antonsson"",""432-585-4900"",""44941 Garrison Junction"""
"M,""1267"",""Cory Braniff"",""589-731-7743"",""788 Kenwood Point"""
"3XL,""1268"",""Bertrand Cruxton"",""600-255-7391"",""00 Victoria Junction"""
"L,""1269"",""Gayle Barnson"",""420-503-1822"",""8543 Donald Terrace"""
"S,""1270"",""Renee Tinniswood"",""526-226-5944"",""5982 Donald Pass"""
"L,""1271"",""Allis Houtbie"",""841-450-9847"",""30867 Amoth Trail"""
"2XL,""1272"",""Nicol Siddall"",""185-722-2343"",""56 Buell Place"""
"2XL,""1273"",""Diahann Hackford"",""788-605-7525"",""51696 Lighthouse Bay Pass"""
"M,""1274"",""Goddart Chrispin"",""944-803-2117"",""560 Del Sol Junction"""
"XS,""1275"",""Chalmers Ivanovic"",""394-205-7172"",""84453 Jenna Junction"""
"L,""1276"",""Rudolf Kleinmann"",""540-962-7195"",""49 Stoughton Road"""
"3XL,""1277"",""Demetria Exley"",""900-111-2247"",""3673 Oak Center"""
"XS,""1278"",""Jerrold Rizzillo"",""554-968-4431"",""34048 Goodland Alley"""
"XL,""1279"",""Ofella Hoyes"",""677-997-1164"",""56102 Hanover Point"""
"M,""1280"",""Quinn Dibben"",""778-948-2412"",""0 Mcbride Crossing"""
"2XL,""1281"",""Stephen Royle"",""646-260-0157"",""75 Sauthoff Crossing"""
"M,""1282"",""Natalina Ambrozewicz"",""553-768-6583"",""9 Graedel Way"""
"2XL,""1283"",""Karel Kirman"",""731-179-8864"",""4280 Fallview Point"""
"M,""1284"",""Mirabella Gianni"",""638-766-8783"",""40724 Golden Leaf Hill"""
"2XL,""1285"",""Junie Cranage"",""879-316-8857"",""80570 Charing Cross Pass"""
"3XL,""1286"",""Genny Kryszka"",""919-239-5414"",""7624 Toban Junction"""
"L,""1287"",""Honor Fritz"",""525-870-0455"",""26954 Delladonna Court"""
"2XL,""1288"",""Darrell Cucuzza"",""316-221-8309"",""0525 Redwing Court"""
"3XL,""1289"",""Arnuad Chaney"",""772-757-9717"",""84211 Beilfuss Terrace"""
"L,""1290"",""Engracia Lothean"",""424-488-6549"",""9 Hayes Junction"""
"S,""1291"",""Rufus La Batie"",""893-147-5354"",""7293 Susan Circle"""
"2XL,""1292"",""Lara Bodechon"",""908-423-3444"",""47 Johnson Park"""
"M,""1293"",""Lauryn Woodvine"",""231-198-7186"",""6858 Killdeer Junction"""
"M,""1294"",""Joella Ply"",""891-888-0772"",""187 Hudson Hill"""
"XS,""1295"",""Doloritas Ricketts"",""892-540-8167"",""654 Hoepker Parkway"""
"S,""1296"",""Torry Bellon"",""780-988-8947"",""86 Pine View Alley"""
"XL,""1297"",""Mahalia Riba"",""599-451-5472"",""00 Stuart Court"""
"XS,""1298"",""Akim Ferrara"",""634-132-1250"",""7 Stang Plaza"""
"XL,""1299"",""Caroljean Tames"",""645-354-5386"",""44195 Little Fleur Avenue"""
"3XL,""1300"",""Gertrudis Guile"",""159-328-2327"",""300 Duke Terrace"""
"L,""1301"",""Lenci McBeth"",""895-455-1979"",""0140 Farwell Alley"""
"M,""1302"",""Minnie Print"",""639-468-3340"",""42 Jana Crossing"""
"XS,""1303"",""Sunshine Reuben"",""200-187-7594"",""3 Tennyson Pass"""
"M,""1304"",""Inglebert Strank"",""915-557-0043"",""8367 Pearson Alley"""
"XS,""1305"",""Horace Leckie"",""768-702-2097"",""33224 Messerschmidt Plaza"""
"S,""1306"",""Fran MacMechan"",""707-522-5303"",""3533 Ruskin Alley"""
"S,""1307"",""Bernardine Krink"",""201-326-6802"",""587 Harbort Way"""
"M,""1308"",""Valery Clatworthy"",""196-977-3052"",""83 Fuller Place"""
"S,""1309"",""Hana Killelay"",""303-324-1559"",""9 Lakewood Gardens Court"""
"L,""1310"",""Nealson Scarisbrick"",""428-770-5345"",""51 Johnson Junction"""
"L,""1311"",""Nollie Grantham"",""796-324-6397"",""4 Aberg Lane"""
"2XL,""1312"",""Sonny Cortez"",""487-409-7901"",""3 Lakeland Point"""
"2XL,""1313"",""Wiley Fenech"",""720-403-7471"",""4 Rigney Junction"""
"S,""1314"",""Sena Foister"",""584-118-1677"",""1048 Pawling Alley"""
"3XL,""1315"",""Rodina Greenhouse"",""984-575-0673"",""980 Cherokee Place"""
"L,""1316"",""Stephi Tenny"",""407-787-4049"",""8463 Birchwood Avenue"""
"2XL,""1317"",""Allene Prestney"",""205-223-5220"",""06135 Melody Crossing"""
"S,""1318"",""Killian Wheadon"",""798-628-2373"",""570 Pankratz Way"""
"S,""1319"",""Doris Earey"",""401-917-8942"",""3 Lighthouse Bay Street"""
"L,""1320"",""Jena Tebbett"",""203-799-7776"",""40 Bonner Place"""
"3XL,""1321"",""Kristy Sexten"",""199-926-0451"",""4 7th Circle"""
"XL,""1322"",""Padraic Pigeon"",""229-737-9037"",""84243 Glendale Parkway"""
"2XL,""1323"",""Belicia Haynes"",""262-244-8175"",""39 1st Lane"""
"3XL,""1324"",""Denis Stean"",""516-726-7770"",""09 Bayside Center"""
"M,""1325"",""Kattie Baser"",""410-136-7581"",""2654 Talisman Place"""
"L,""1326"",""Vikky Wedderburn"",""347-870-2786"",""90 Thackeray Hill"""
"3XL,""1327"",""Joan Stiling"",""271-903-9295"",""6478 Rockefeller Place"""
"XL,""1328"",""Kristen Woodhead"",""971-271-0791"",""2 Morrow Way"""
"M,""1329"",""Sharai MacCroary"",""267-336-5039"",""55322 Rowland Street"""
"L,""1330"",""Marmaduke Ledbetter"",""523-533-9508"",""8 Golf Trail"""
"3XL,""1331"",""Christye Harbach"",""835-488-7123"",""51 Maple Wood Court"""
"XL,""1332"",""Toddy McGibbon"",""692-169-9693"",""6656 Hanson Pass"""
"2XL,""1333"",""Shelden Grimshaw"",""513-637-0584"",""2277 Dahle Way"""
"3XL,""1334"",""Rolland Bispham"",""773-637-6178"",""3099 Merrick Road"""
"S,""1335"",""Wallas Salle"",""663-326-6946"",""3509 Granby Drive"""
"M,""1336"",""Kirsten Kermode"",""530-955-5177"",""42030 Claremont Alley"""
"S,""1337"",""Humfried Crack"",""727-837-4229"",""467 1st Court"""
"2XL,""1338"",""Fons Maudsley"",""218-810-1475"",""6430 Marquette Trail"""
"XL,""1339"",""Sara Dorin"",""601-247-5089"",""0 Thompson Place"""
"2XL,""1340"",""Morrie Drescher"",""783-363-4226"",""09 Harbort Alley"""
"L,""1341"",""Gawain Pynn"",""457-308-3756"",""4 Birchwood Lane"""
"2XL,""1342"",""Doll Goodliff"",""737-821-4748"",""22159 Schurz Point"""
"3XL,""1343"",""Ofilia Cumpsty"",""193-633-3191"",""94 Waxwing Avenue"""
"3XL,""1344"",""Lola Piotrkowski"",""552-135-5383"",""6440 Maple Wood Terrace"""
"2XL,""1345"",""Lidia Vicarey"",""745-940-0923"",""3 Clarendon Alley"""
"S,""1346"",""Stacia Loidl"",""580-737-3963"",""49560 Thackeray Road"""
"XL,""1347"",""Westleigh Bodham"",""773-952-8074"",""5 New Castle Hill"""
"XS,""1348"",""Kareem Hordle"",""850-417-5689"",""4 Dixon Pass"""
"XL,""1349"",""Pip Huson"",""489-270-9406"",""357 Caliangt Pass"""
"XS,""1350"",""Mara Guerreiro"",""134-838-8160"",""4 Jay Terrace"""
"3XL,""1351"",""Skye Gilder"",""850-477-5171"",""15733 Butternut Parkway"""
"XL,""1352"",""Sullivan Atwel"",""494-225-9617"",""0 Northview Street"""
"S,""1353"",""Tadeas Bubear"",""447-184-5469"",""8 Pankratz Pass"""
"L,""1354"",""Dorette Pearsall"",""897-914-7210"",""94591 Summer Ridge Pass"""
"S,""1355"",""Daisey Crimin"",""744-368-9465"",""54748 Merrick Court"""
"XL,""1356"",""Karlan Gauntlett"",""199-394-3808"",""20 Declaration Avenue"""
"XL,""1357"",""Marcelline MacRannell"",""913-663-6708"",""4545 Cherokee Pass"""
"L,""1358"",""Aguste Starsmore"",""107-262-0117"",""23483 Claremont Point"""
"3XL,""1359"",""Alwyn Kaindl"",""565-436-4606"",""93218 Towne Trail"""
"L,""1360"",""Wilmette Salmons"",""647-944-6415"",""34605 Del Sol Plaza"""
"2XL,""1361"",""Fitz McVittie"",""856-831-4272"",""77030 Hoepker Pass"""
"3XL,""1362"",""Mattheus Handscombe"",""572-950-3363"",""5 Cherokee Point"""
"3XL,""1363"",""Desmund Brent"",""919-860-8848"",""32658 Scoville Pass"""
"XS,""1364"",""Ermengarde Gadaud"",""920-817-5337"",""868 Paget Pass"""
"2XL,""1365"",""Merrill Bowen"",""221-501-2553"",""00 Cottonwood Place"""
"2XL,""1366"",""Ernaline Perkinson"",""577-142-9103"",""9 Milwaukee Point"""
"XL,""1367"",""Jard Goody"",""249-994-1747"",""22 1st Pass"""
"XL,""1368"",""Tedda Twiname"",""285-986-5069"",""0207 Monument Terrace"""
"3XL,""1369"",""Irving Caroll"",""294-154-9197"",""1 Trailsway Court"""
"L,""1370"",""Wallie Savine"",""796-430-4449"",""134 Upham Trail"""
"3XL,""1371"",""Bronson Lawton"",""130-180-4507"",""02804 Susan Crossing"""
"2XL,""1372"",""Der De Gowe"",""150-781-9154"",""14 Westerfield Alley"""
"XL,""1373"",""Anabal Click"",""116-471-0339"",""7 7th Lane"""
"XS,""1374"",""Corty Dowry"",""660-201-9065"",""2 Clarendon Point"""
"XS,""1375"",""Cristiano Channer"",""610-393-0736"",""8102 Mosinee Road"""
"2XL,""1376"",""Feodor Heddan"",""943-747-0693"",""1342 Bellgrove Alley"""
"XS,""1377"",""Tamqrah Savin"",""768-770-4600"",""37383 Basil Alley"""
"XS,""1378"",""Amalita Impett"",""438-276-4067"",""0 Johnson Alley"""
"L,""1379"",""Alejoa Sturdey"",""420-458-0700"",""062 Waxwing Place"""
"M,""1380"",""Shandee Coite"",""250-278-8436"",""3 Continental Circle"""
"2XL,""1381"",""Griffie Matt"",""392-905-1623"",""4631 Ramsey Circle"""
"M,""1382"",""Leonie Morrel"",""668-102-5665"",""2 Rieder Trail"""
"XS,""1383"",""Vin Wilkie"",""788-667-6567"",""639 Birchwood Lane"""
"M,""1384"",""Shanie Udy"",""476-190-6865"",""998 Old Shore Trail"""
"2XL,""1385"",""Ninnette Arnau"",""903-517-6965"",""5041 Farwell Parkway"""
"M,""1386"",""Andie Joscelyn"",""298-774-3119"",""6 Corscot Street"""
"M,""1387"",""Worthy Follett"",""923-468-9450"",""9 Towne Junction"""
"S,""1388"",""Rutledge Benyan"",""601-360-0930"",""78 Northport Plaza"""
"XS,""1389"",""Rodolphe Calow"",""285-276-2800"",""8832 Express Center"""
"L,""1390"",""Chrisy Dahlberg"",""425-340-2469"",""7642 Michigan Street"""
"XS,""1391"",""Shepherd Gadney"",""215-578-3256"",""83312 Warrior Parkway"""
"S,""1392"",""Florette Tregale"",""205-808-3744"",""2672 Drewry Junction"""
"M,""1393"",""Katherina Kernell"",""770-828-7077"",""7084 Schlimgen Drive"""
"XL,""1394"",""Ermanno Thew"",""969-303-1962"",""64 Gerald Circle"""
"XL,""1395"",""Rasia Dillistone"",""700-121-5861"",""97404 Carioca Court"""
"2XL,""1396"",""Devin Slane"",""987-444-9145"",""015 Northwestern Road"""
"XL,""1397"",""Otes McCullagh"",""997-270-8657"",""9 Dahle Court"""
"M,""1398"",""Cammy Crichten"",""238-633-8897"",""35 Ramsey Road"""
"XL,""1399"",""Rafaela Peverell"",""864-298-0944"",""5373 Hansons Plaza"""
"XS,""1400"",""Cindy Dundridge"",""446-321-3549"",""5440 Parkside Circle"""
"M,""1401"",""Ambros Umpleby"",""932-216-2722"",""34215 Nova Center"""
"S,""1402"",""Alma Bartalot"",""324-356-1404"",""7 Schurz Way"""
"XL,""1403"",""Herc Mityashin"",""361-720-5906"",""9349 Meadow Valley Plaza"""
"S,""1404"",""Constancy Elies"",""813-328-8656"",""6232 Russell Terrace"""
"3XL,""1405"",""Cassius Beardwood"",""955-318-9039"",""81 Hazelcrest Drive"""
"S,""1406"",""Leoine Yeandel"",""817-121-4191"",""5 Pepper Wood Way"""
"2XL,""1407"",""Darcy Anetts"",""189-314-2704"",""314 Packers Court"""
"XS,""1408"",""Lenee Ayrs"",""351-325-5104"",""36284 Summit Place"""
"XL,""1409"",""Melesa Tawton"",""341-701-1913"",""74585 Bashford Crossing"""
"XL,""1410"",""Delbert Lonsbrough"",""821-652-2474"",""4279 David Pass"""
"S,""1411"",""Joyous Swadlin"",""360-236-9449"",""89 Marcy Alley"""
"XL,""1412"",""Christopher Perrycost"",""862-284-1708"",""21 Sutherland Parkway"""
"3XL,""1413"",""Micheil Cano"",""704-312-5893"",""6693 Sunbrook Lane"""
"3XL,""1414"",""Michaeline Eastby"",""906-372-6632"",""7731 Sunbrook Alley"""
"3XL,""1415"",""Pooh Westphal"",""918-484-3006"",""35 Eagan Circle"""
"XS,""1416"",""Conny Cornewell"",""408-717-5801"",""27 Calypso Court"""
"L,""1417"",""Bourke Lodden"",""494-715-1706"",""3827 Tomscot Pass"""
"XS,""1418"",""Eartha Beig"",""417-938-0803"",""96389 Harbort Park"""
"S,""1419"",""Caren Saterweyte"",""536-972-9870"",""46 Mallory Hill"""
"XL,""1420"",""Miquela Cancellor"",""613-981-9319"",""850 Stephen Road"""
"3XL,""1421"",""Fidelio Gemmill"",""815-662-0504"",""1631 Clemons Alley"""
"2XL,""1422"",""Marybelle McAnulty"",""136-572-5120"",""443 Gulseth Way"""
"S,""1423"",""Dorene Yeoland"",""349-268-6113"",""2 Glacier Hill Parkway"""
"XS,""1424"",""Nicolai Heugel"",""163-636-6957"",""58058 David Lane"""
"S,""1425"",""Janel Farington"",""744-350-1138"",""3 Pleasure Lane"""
"S,""1426"",""Nilson Hammell"",""520-775-5630"",""15 Oriole Street"""
"XL,""1427"",""Darla MacConnechie"",""522-258-7082"",""8 Hollow Ridge Center"""
"S,""1428"",""Patience Brindley"",""339-352-4839"",""3 Thierer Alley"""
"3XL,""1429"",""Maurine Duxfield"",""823-920-9535"",""4922 Nelson Way"""
"M,""1430"",""Kassandra Tumulty"",""833-985-5181"",""07908 Anderson Way"""
"S,""1431"",""Mildrid Tiptaft"",""160-798-6836"",""54752 Ridge Oak Point"""
"XL,""1432"",""Alyssa Rainville"",""101-972-9312"",""78 Messerschmidt Circle"""
"3XL,""1433"",""Elisabeth Dod"",""280-232-9643"",""536 Debra Terrace"""
"2XL,""1434"",""Diann Jansik"",""478-671-8631"",""43 Petterle Circle"""
"M,""1435"",""Arne Stredwick"",""963-315-3590"",""2992 Sauthoff Point"""
"XL,""1436"",""Sena Blackie"",""711-348-5389"",""2431 Ludington Terrace"""
"2XL,""1437"",""Carlin Reeme"",""551-999-0615"",""596 Johnson Park"""
"XS,""1438"",""Onfroi Gloster"",""433-662-1806"",""758 Granby Pass"""
"S,""1439"",""Esma Harvard"",""301-680-0804"",""2 Knutson Pass"""
"L,""1440"",""Cord Eddleston"",""911-676-2600"",""65590 Bashford Junction"""
"XL,""1441"",""Xena Juara"",""175-454-0703"",""97519 Welch Center"""
"XL,""1442"",""Franzen Deroche"",""742-850-3433"",""73 Carey Crossing"""
"S,""1443"",""Irina Scowcraft"",""654-603-6785"",""06603 Florence Hill"""
"2XL,""1444"",""Orsa Binner"",""502-368-7722"",""814 Mifflin Way"""
"3XL,""1445"",""Charo Vasilyevski"",""943-405-7780"",""34 Lake View Street"""
"XL,""1446"",""Eben Pasque"",""299-274-9002"",""315 Melrose Lane"""
"2XL,""1447"",""Logan Bilton"",""963-640-4871"",""309 Dakota Avenue"""
"XS,""1448"",""Padraig Rainville"",""829-971-3866"",""96195 Spohn Terrace"""
"2XL,""1449"",""Scotty Linden"",""809-257-3558"",""597 2nd Lane"""
"S,""1450"",""Laurice Canham"",""482-496-1496"",""504 Derek Plaza"""
"XL,""1451"",""Brier Deex"",""883-651-0606"",""429 Kinsman Center"""
"3XL,""1452"",""Jorgan Annell"",""760-577-9702"",""14 Brickson Park Place"""
"L,""1453"",""Melisande Reditt"",""785-605-8901"",""1 Swallow Center"""
"3XL,""1454"",""Rock Godlip"",""925-828-1381"",""21 Cottonwood Crossing"""
"3XL,""1455"",""Valentino Joanaud"",""565-878-7817"",""8813 Starling Circle"""
"S,""1456"",""Reagen Dommersen"",""634-841-4823"",""66220 Glacier Hill Point"""
"XS,""1457"",""Ulla Cowlin"",""753-632-7748"",""426 Bayside Place"""
"S,""1458"",""Elena Beddo"",""641-734-1143"",""15247 Longview Lane"""
"XS,""1459"",""Kalila Born"",""327-559-1017"",""97124 Lakeland Parkway"""
"XS,""1460"",""Tore Ganny"",""101-916-9680"",""81860 Main Road"""
"L,""1461"",""Samaria Flintoff"",""107-762-7424"",""3 Cordelia Place"""
"L,""1462"",""Zolly Bartolacci"",""408-174-3289"",""636 Dapin Place"""
"2XL,""1463"",""Celie Worg"",""992-464-8820"",""971 Dahle Point"""
"S,""1464"",""Oliviero Henrych"",""588-423-4783"",""46 Esker Hill"""
"3XL,""1465"",""Jarrett Phaup"",""358-123-5184"",""0 Dixon Alley"""
"L,""1466"",""Armin Kinnon"",""692-847-5375"",""34575 Sutteridge Terrace"""
"XS,""1467"",""Brittney Zorzi"",""299-636-6013"",""29694 Jay Avenue"""
"3XL,""1468"",""Cherilyn Bartzen"",""489-336-9239"",""519 Hagan Center"""
"S,""1469"",""Bria Stainland"",""672-533-8998"",""205 Steensland Alley"""
"S,""1470"",""Fayre Halkyard"",""421-211-2923"",""84862 Vermont Circle"""
"XL,""1471"",""Betsy Bedder"",""641-163-6035"",""3958 Westerfield Court"""
"XS,""1472"",""Peter Culmer"",""138-204-0441"",""431 Hoepker Circle"""
"M,""1473"",""Clem Janes"",""251-685-6559"",""1786 Utah Terrace"""
"2XL,""1474"",""Dottie Darkins"",""992-877-3398"",""8198 Westridge Road"""
"M,""1475"",""Aundrea Collens"",""310-202-5381"",""05 Harper Pass"""
"XS,""1476"",""Lishe McGrill"",""492-517-7341"",""1135 Service Point"""
"2XL,""1477"",""Frazer Belly"",""378-792-8338"",""001 Scott Road"""
"S,""1478"",""Catha Lowden"",""145-434-2717"",""97999 Marquette Center"""
"XS,""1479"",""Fitzgerald Forsdike"",""348-952-9477"",""34112 Golf View Drive"""
"XL,""1480"",""Bren Ceillier"",""899-904-7678"",""556 Hoard Junction"""
"XL,""1481"",""Hayley Loveridge"",""155-871-7502"",""5925 Vera Drive"""
"3XL,""1482"",""Rea Ridwood"",""384-344-1841"",""66 Stoughton Alley"""
"S,""1483"",""Tanhya Dalbey"",""919-388-6411"",""33 Toban Pass"""
"XL,""1484"",""Amitie Bellord"",""733-755-9047"",""40779 Waywood Alley"""
"3XL,""1485"",""Huey Tingly"",""454-238-4573"",""30798 Kim Terrace"""
"3XL,""1486"",""Fanechka Horder"",""289-668-5747"",""96608 Dwight Point"""
"L,""1487"",""Ilise Mitro"",""718-392-2167"",""88847 Michigan Plaza"""
"XL,""1488"",""Clayborne Titlow"",""538-854-1841"",""36 Becker Hill"""
"2XL,""1489"",""Blondie Pesterfield"",""900-316-1464"",""7739 Prairie Rose Point"""
"S,""1490"",""Tressa Kumar"",""929-668-6642"",""3394 Mesta Point"""
"S,""1491"",""Carey Delea"",""510-906-4521"",""45 Lyons Place"""
"XS,""1492"",""Millicent Kettle"",""949-919-3409"",""815 Mccormick Hill"""
"XL,""1493"",""Mireielle Portwain"",""527-476-3275"",""06 Cascade Court"""
"M,""1494"",""Gracia Sproul"",""235-215-5255"",""59017 Hovde Trail"""
"M,""1495"",""Stormie Gabbitas"",""800-516-1014"",""5 Katie Drive"""
"3XL,""1496"",""Ambrosius Mangin"",""237-765-5693"",""4 Anhalt Park"""
"2XL,""1497"",""Lindy MacDearmid"",""769-759-6890"",""6 Moulton Pass"""
"S,""1498"",""Georgie Le Gassick"",""895-410-7144"",""43749 Longview Lane"""
"3XL,""1499"",""Roxine Toms"",""504-920-1266"",""334 Clove Junction"""
"2XL,""1500"",""Kristofer Whenham"",""980-141-2622"",""93868 Fairfield Crossing"""
"3XL,""1501"",""Pate Nicol"",""901-925-6971"",""8 Heath Avenue"""
"XL,""1502"",""Jamie Halvosen"",""786-984-2905"",""743 Cody Hill"""
"S,""1503"",""Mickey Learoid"",""485-525-9898"",""83 Lerdahl Place"""
"XL,""1504"",""Adolf Favel"",""457-601-5238"",""3219 Talmadge Center"""
"XL,""1505"",""Ellsworth Aherne"",""283-804-2769"",""25550 Clove Lane"""
"XL,""1506"",""Bond Gullen"",""195-897-1796"",""15 Grasskamp Road"""
"XS,""1507"",""Yuri Bowller"",""824-531-3692"",""476 Summer Ridge Place"""
"M,""1508"",""Padgett Tiffin"",""863-259-3244"",""91737 Lakewood Trail"""
"M,""1509"",""Toddy Normington"",""140-756-0320"",""139 West Road"""
"M,""1510"",""Cobbie Kieff"",""379-877-6784"",""38575 7th Terrace"""
"2XL,""1511"",""Bibi Menaul"",""415-909-1223"",""6 Briar Crest Hill"""
"XL,""1512"",""Gilbertine Andrioli"",""550-702-5416"",""40953 Doe Crossing Alley"""
"S,""1513"",""Micky Ledwitch"",""478-778-9366"",""39 Kensington Point"""
"M,""1514"",""Esmaria O'Lagene"",""955-159-8515"",""62 David Lane"""
"XS,""1515"",""Adrien Travers"",""147-266-9105"",""18262 Grasskamp Park"""
"XS,""1516"",""Karna Hessel"",""993-352-2870"",""84 Memorial Parkway"""
"3XL,""1517"",""Luce Campbell"",""167-797-0840"",""7 Heath Circle"""
"L,""1518"",""Bartholomeo Nickerson"",""716-159-2564"",""38 Lukken Park"""
"L,""1519"",""Rebbecca Dufaur"",""942-201-1097"",""84623 Mosinee Lane"""
"XL,""1520"",""Nichole Karolczyk"",""664-986-9163"",""5674 Orin Plaza"""
"M,""1521"",""Janifer Outibridge"",""750-434-8925"",""464 Kinsman Avenue"""
"3XL,""1522"",""Bran Tutill"",""725-361-7204"",""1018 Canary Hill"""
"M,""1523"",""Manya Rodgier"",""673-465-2762"",""809 Doe Crossing Court"""
"2XL,""1524"",""Kristina Windross"",""360-885-8509"",""65 Sunfield Plaza"""
"3XL,""1525"",""Francine Carrigan"",""138-361-8608"",""584 Barnett Court"""
"2XL,""1526"",""Basile Kilday"",""480-624-5657"",""46 Grayhawk Lane"""
"2XL,""1527"",""Lorant Circuitt"",""694-628-4299"",""1 Jay Park"""
"XS,""1528"",""Lucas Gittose"",""319-672-8114"",""359 Scofield Hill"""
"L,""1529"",""Alika Vanderson"",""904-157-1706"",""5321 Anniversary Circle"""
"S,""1530"",""Lucinda Rowswell"",""287-826-8606"",""99 Hermina Center"""
"XL,""1531"",""Francisco Reihill"",""243-966-2275"",""48 Anniversary Hill"""
"3XL,""1532"",""Arnoldo Scatcher"",""645-940-2573"",""49 Oak Pass"""
"M,""1533"",""Libbey Lukacs"",""252-703-6552"",""33 Elmside Plaza"""
"XL,""1534"",""Rani Dobby"",""912-645-8722"",""01 Del Sol Trail"""
"L,""1535"",""Redford Tomaszek"",""104-266-0983"",""35979 Hintze Alley"""
"3XL,""1536"",""Tuesday Philpotts"",""225-665-4511"",""826 Haas Drive"""
"XS,""1537"",""Adolf Harler"",""192-456-6358"",""4 Clemons Place"""
"2XL,""1538"",""Ulrike Lanston"",""476-644-9148"",""01 Scoville Alley"""
"M,""1539"",""Darius Behnen"",""342-397-7168"",""703 Donald Alley"""
"2XL,""1540"",""Kirby Zmitruk"",""918-848-6598"",""0 Schmedeman Point"""
"2XL,""1541"",""Karlee Kalewe"",""688-192-1908"",""60 Darwin Avenue"""
"M,""1542"",""Calv Fairbeard"",""624-102-1297"",""3 Bellgrove Circle"""
"L,""1543"",""Corliss Willcott"",""146-374-7197"",""1 Oak Drive"""
"L,""1544"",""Dexter McLurg"",""406-219-2634"",""61014 Sherman Trail"""
"L,""1545"",""Dorian Conachie"",""544-896-4532"",""4 Dunning Circle"""
"M,""1546"",""Standford Bizzey"",""575-179-5881"",""4020 Lakeland Terrace"""
"M,""1547"",""Johnathan Work"",""346-631-3653"",""01207 Bobwhite Trail"""
"XS,""1548"",""Bond Milthorpe"",""619-455-3059"",""8 Vera Parkway"""
"2XL,""1549"",""Harland Strettle"",""431-696-4934"",""15810 Delaware Hill"""
"XS,""1550"",""Leonard Biscomb"",""738-703-7959"",""3291 Kensington Point"""
"S,""1551"",""Nicol Fruen"",""239-389-8036"",""149 Bluestem Place"""
"2XL,""1552"",""Cindee Treleaven"",""838-942-8092"",""50934 Linden Place"""
"3XL,""1553"",""Cherin Peeters"",""754-900-9782"",""88 Comanche Road"""
"M,""1554"",""Prue Stockbridge"",""133-566-7225"",""0 Karstens Junction"""
"M,""1555"",""Gisela Kirkam"",""860-970-6122"",""32457 Nevada Place"""
"2XL,""1556"",""Fergus Hutable"",""440-910-8172"",""44446 Union Parkway"""
"2XL,""1557"",""Emmett Yetts"",""394-456-7593"",""106 Lunder Circle"""
"S,""1558"",""Cherilynn Spens"",""705-245-2823"",""852 Del Mar Street"""
"L,""1559"",""Wakefield Troctor"",""735-530-3110"",""6 Onsgard Hill"""
"XL,""1560"",""Orsola Kingston"",""126-776-7480"",""3162 Memorial Pass"""
"3XL,""1561"",""Mohandis Niess"",""166-279-5528"",""30 Mitchell Avenue"""
"XL,""1562"",""Konrad Kensley"",""957-532-1970"",""06399 Florence Drive"""
"S,""1563"",""Amery Lomax"",""526-715-6275"",""43 Memorial Plaza"""
"M,""1564"",""Anabel Beeswing"",""343-901-7875"",""786 Dawn Drive"""
"XL,""1565"",""Hersch Gallifont"",""189-177-9955"",""867 Loeprich Trail"""
"3XL,""1566"",""Allyson Pepi"",""610-397-1766"",""890 Artisan Pass"""
"XL,""1567"",""Kennith Pettigrew"",""521-617-8018"",""122 Del Sol Point"""
"3XL,""1568"",""Paulita Le Friec"",""897-679-9910"",""9905 Carey Place"""
"3XL,""1569"",""Derwin Goodricke"",""797-508-6269"",""55 Holy Cross Hill"""
"3XL,""1570"",""Delphine Yakhin"",""131-525-4022"",""4686 Delaware Pass"""
"XS,""1571"",""Josephina Sunners"",""743-650-6902"",""6 Rigney Trail"""
"XL,""1572"",""Tedra Passe"",""137-796-7332"",""7 Elgar Road"""
"2XL,""1573"",""Claiborne Slesser"",""327-359-3445"",""7 Lindbergh Street"""
"XL,""1574"",""Karlyn Burman"",""250-714-6973"",""10 Oneill Court"""
"3XL,""1575"",""Gayla Auchterlonie"",""525-681-2062"",""34 Oriole Pass"""
"XS,""1576"",""Adelle Scranny"",""235-759-8541"",""9 North Trail"""
"M,""1577"",""Gan Loughren"",""786-546-2712"",""7 Sheridan Place"""
"S,""1578"",""Esta Akers"",""230-396-8175"",""91 Leroy Road"""
"M,""1579"",""Annabal Devote"",""621-308-8262"",""999 4th Crossing"""
"L,""1580"",""Chad Twigger"",""946-555-7918"",""7 Mcbride Lane"""
"2XL,""1581"",""Francisca von Hagt"",""818-125-2378"",""20 Packers Plaza"""
"S,""1582"",""Noemi Timpany"",""377-781-1724"",""30114 Messerschmidt Terrace"""
"2XL,""1583"",""Deonne Eads"",""692-244-2812"",""916 Corben Road"""
"M,""1584"",""Paloma Sutehall"",""419-784-1803"",""78672 Brown Plaza"""
"3XL,""1585"",""Griff Gibbetts"",""601-797-9268"",""366 Mitchell Park"""
"XS,""1586"",""Luis Kment"",""448-997-7583"",""29759 Mccormick Alley"""
"M,""1587"",""Neill Hrycek"",""762-620-9454"",""91282 Dryden Terrace"""
"3XL,""1588"",""Othello Kyttor"",""648-351-3912"",""7 Arkansas Parkway"""
"L,""1589"",""Berrie Conaghy"",""458-141-3322"",""5992 New Castle Place"""
"3XL,""1590"",""Walsh Lott"",""311-783-7595"",""48 Springs Parkway"""
"3XL,""1591"",""Sissy Farnworth"",""350-409-4129"",""7 Starling Way"""
"S,""1592"",""Aurelea Cortnay"",""238-464-1358"",""45494 Mifflin Hill"""
"M,""1593"",""Harald Pharaoh"",""247-543-6877"",""7 Riverside Terrace"""
"XS,""1594"",""Gaye Poulett"",""866-445-6089"",""2967 Warbler Alley"""
"XS,""1595"",""Fredericka Bradburne"",""427-769-5094"",""1294 Lunder Terrace"""
"L,""1596"",""Delora Ancliff"",""670-705-4832"",""449 Calypso Hill"""
"2XL,""1597"",""Nariko Benitez"",""852-378-6584"",""7 Northport Way"""
"XL,""1598"",""Gerik Maunders"",""173-870-3910"",""0 Ronald Regan Alley"""
"3XL,""1599"",""Feodor Birth"",""652-596-2008"",""84 Kropf Terrace"""
"XL,""1600"",""Tristan Tremmel"",""589-833-9371"",""2 Armistice Way"""
"2XL,""1601"",""Araldo Hassen"",""997-299-2117"",""8 Rutledge Road"""
"2XL,""1602"",""Kimberlee Badman"",""486-275-6574"",""34 Oxford Hill"""
"S,""1603"",""Symon Farnell"",""211-270-3057"",""337 Stoughton Street"""
"2XL,""1604"",""Jessalin Killoran"",""955-546-4074"",""1 Kingsford Terrace"""
"L,""1605"",""Kermie Crewdson"",""816-882-6666"",""887 Anzinger Pass"""
"XL,""1606"",""Tallie Sangra"",""189-651-8825"",""8570 Surrey Avenue"""
"L,""1607"",""Flory Wife"",""632-925-1221"",""99 Schlimgen Avenue"""
"L,""1608"",""Corine Norville"",""712-217-7003"",""26 Brickson Park Lane"""
"XS,""1609"",""Glendon Bradfield"",""959-208-5596"",""26179 Golf View Terrace"""
"M,""1610"",""Jewel Slaughter"",""702-738-2919"",""85 Thierer Plaza"""
"2XL,""1611"",""Shena Hember"",""337-439-5236"",""5 Green Trail"""
"3XL,""1612"",""Woody Rendell"",""617-337-2086"",""5 Victoria Drive"""
"M,""1613"",""Carmencita Dekeyser"",""104-249-8142"",""8329 Kim Street"""
"L,""1614"",""Cassondra Shortell"",""441-372-5689"",""6 Vahlen Avenue"""
"3XL,""1615"",""Frederica Carbry"",""559-470-8898"",""89 Mendota Court"""
"XL,""1616"",""Clive Gladdor"",""504-768-8194"",""87 Lake View Terrace"""
"M,""1617"",""Karlens Toopin"",""139-803-0929"",""890 Chinook Crossing"""
"XS,""1618"",""Hayley Karlmann"",""832-816-0523"",""1 Rusk Point"""
"S,""1619"",""Brear Hargitt"",""697-202-4256"",""497 Darwin Trail"""
"XS,""1620"",""Al Braime"",""825-783-7701"",""2733 Nobel Circle"""
"XS,""1621"",""Cami Fibbitts"",""402-520-8144"",""7643 Bartillon Circle"""
"XS,""1622"",""Prinz O'Feeney"",""873-961-2248"",""91 Marquette Hill"""
"L,""1623"",""Prudence Penritt"",""650-297-4392"",""72736 Clarendon Road"""
"L,""1624"",""Natal Ollett"",""442-729-4308"",""4 Hazelcrest Road"""
"XS,""1625"",""Erhart Fleisch"",""985-251-5740"",""1817 Old Shore Road"""
"2XL,""1626"",""Waiter Habbergham"",""218-657-5241"",""064 Sugar Trail"""
"L,""1627"",""Ives Ovid"",""523-949-9494"",""18 Gerald Lane"""
"M,""1628"",""Ella Gooder"",""253-180-1200"",""31 Trailsway Point"""
"XS,""1629"",""Eddie Castell"",""348-219-3150"",""490 Knutson Alley"""
"3XL,""1630"",""Coreen Proom"",""693-861-6997"",""17664 Welch Drive"""
"XS,""1631"",""Catarina Clandillon"",""602-987-1239"",""900 Mayer Court"""
"3XL,""1632"",""Boyd Booi"",""155-207-8401"",""6 Dayton Way"""
"M,""1633"",""Idelle Byers"",""673-331-2941"",""35192 Laurel Way"""
"XS,""1634"",""Merna Erni"",""396-507-8912"",""2640 Armistice Center"""
"2XL,""1635"",""Leanna Steele"",""510-218-8700"",""66 Ruskin Park"""
"XS,""1636"",""Mireielle Deevey"",""676-764-2552"",""168 Artisan Center"""
"3XL,""1637"",""Angel Pasby"",""569-241-3063"",""4 Pepper Wood Terrace"""
"XS,""1638"",""Erinna Tunbridge"",""256-579-5660"",""67718 Crest Line Lane"""
"XL,""1639"",""Gabey Siggens"",""825-162-1453"",""9873 Leroy Street"""
"XS,""1640"",""Alexia Chipps"",""525-556-0540"",""052 Montana Terrace"""
"L,""1641"",""Frasier Garci"",""459-351-6646"",""877 Mendota Parkway"""
"2XL,""1642"",""Rory Schlag"",""380-834-2213"",""0 Jenifer Alley"""
"M,""1643"",""Dulsea Lineker"",""768-632-8178"",""13 Hanover Drive"""
"S,""1644"",""Rea Rickerd"",""946-139-5633"",""962 Petterle Way"""
"XS,""1645"",""Brenn Hollyar"",""202-890-4840"",""27 Moose Alley"""
"3XL,""1646"",""Ruddie Ruddiforth"",""484-267-1272"",""9 Farwell Center"""
"2XL,""1647"",""Karita Kneebone"",""566-306-8489"",""96 5th Pass"""
"XS,""1648"",""Carroll Hardern"",""502-482-7668"",""2045 Monica Circle"""
"S,""1649"",""Donny Anderbrugge"",""819-653-9513"",""99271 Michigan Trail"""
"M,""1650"",""Felicle Cogdon"",""773-458-4467"",""84 Milwaukee Place"""
"L,""1651"",""Bren MacRitchie"",""651-771-4850"",""64 Rowland Center"""
"S,""1652"",""Theo Scarrott"",""382-951-5418"",""3 Autumn Leaf Street"""
"3XL,""1653"",""Giorgia Haxley"",""267-246-9337"",""824 Eagle Crest Pass"""
"2XL,""1654"",""Lavinie Torre"",""407-579-0979"",""5561 Mandrake Terrace"""
"XL,""1655"",""Sheri Easeman"",""954-268-2843"",""47 Thompson Street"""
"3XL,""1656"",""Jameson Cornewall"",""211-655-2152"",""3788 Roth Way"""
"M,""1657"",""Joleen Loins"",""859-767-2927"",""41584 Old Gate Terrace"""
"L,""1658"",""Thorvald Hick"",""334-671-8446"",""51 Spaight Center"""
"L,""1659"",""Bondie McIlvenny"",""927-121-2179"",""9450 Nancy Plaza"""
"S,""1660"",""Gaultiero Kirwood"",""420-394-1629"",""079 Summit Circle"""
"S,""1661"",""Arnoldo Meryett"",""751-757-3258"",""30647 Gulseth Pass"""
"M,""1662"",""Michel Bachshell"",""646-530-5701"",""4682 Tony Terrace"""
"2XL,""1663"",""Kesley Daintith"",""840-253-8694"",""03357 Hauk Avenue"""
"M,""1664"",""Erv Midford"",""551-528-3876"",""2 Elmside Point"""
"L,""1665"",""Clarette Palfreeman"",""822-826-6469"",""22 Jay Road"""
"S,""1666"",""Jasmin Kubis"",""183-219-0309"",""4 Red Cloud Alley"""
"L,""1667"",""Farlay Bushaway"",""194-644-2234"",""649 Briar Crest Lane"""
"XS,""1668"",""Gib Thying"",""316-556-0777"",""59 Barnett Way"""
"XL,""1669"",""Cherye Tansey"",""895-588-5894"",""038 High Crossing Parkway"""
"M,""1670"",""Peterus Greenaway"",""146-399-3643"",""58212 Arapahoe Terrace"""
"XL,""1671"",""Crin Canter"",""533-859-6560"",""7 Warrior Street"""
"S,""1672"",""Kienan Fensome"",""227-652-7362"",""99655 Schiller Pass"""
"L,""1673"",""Barnard Gater"",""837-593-3415"",""79 American Ash Drive"""
"2XL,""1674"",""Glynn Dannell"",""458-607-4426"",""3521 Cody Hill"""
"S,""1675"",""Scottie Hardie"",""378-114-2285"",""29 Pepper Wood Hill"""
"3XL,""1676"",""Hy Growcock"",""447-541-0284"",""69664 Eliot Court"""
"M,""1677"",""Robin Redmain"",""631-428-5709"",""91 Hooker Crossing"""
"S,""1678"",""Fonz Baggalley"",""824-845-2368"",""6985 Hoepker Point"""
"M,""1679"",""Christoph Minnock"",""548-294-8068"",""76812 Troy Crossing"""
"XS,""1680"",""Ewell Pickup"",""546-563-5621"",""613 Bashford Avenue"""
"2XL,""1681"",""Fern Sturgess"",""517-875-6502"",""00 Old Shore Junction"""
"M,""1682"",""Alasteir Baumadier"",""801-307-5431"",""1613 Susan Parkway"""
"M,""1683"",""Cookie Roman"",""524-899-1272"",""4256 Burning Wood Center"""
"XS,""1684"",""Amby Yakubovich"",""794-847-8373"",""061 Cascade Point"""
"2XL,""1685"",""Lorette Mars"",""561-293-5095"",""8 Summer Ridge Circle"""
"XL,""1686"",""Aloysia Palffrey"",""917-562-8949"",""13957 Calypso Court"""
"3XL,""1687"",""Jaymee Eneas"",""658-786-9324"",""1430 Orin Park"""
"3XL,""1688"",""Ware Brompton"",""701-579-5633"",""63032 Melvin Hill"""
"XS,""1689"",""Hannis Egerton"",""190-149-1433"",""40 Meadow Ridge Trail"""
"M,""1690"",""Abbie Florey"",""731-199-5794"",""538 Oneill Center"""
"2XL,""1691"",""Innis Giovannoni"",""426-860-5638"",""4404 Bartillon Road"""
"3XL,""1692"",""Zared O'Shaughnessy"",""153-391-6780"",""77773 Marquette Way"""
"S,""1693"",""Glynnis Gibbie"",""529-935-5813"",""3526 Kingsford Point"""
"M,""1694"",""Darb Manilow"",""202-496-5712"",""5 Corscot Pass"""
"M,""1695"",""Emlynne Mew"",""411-397-4445"",""56 Anderson Alley"""
"XL,""1696"",""Hattie Garrie"",""457-635-0704"",""0916 Lien Way"""
"M,""1697"",""Saloma Clougher"",""327-317-8954"",""01 Toban Street"""
"2XL,""1698"",""Maynord Holah"",""590-920-3730"",""36658 Bartelt Court"""
"3XL,""1699"",""Jillene Saterweyte"",""291-714-9705"",""755 Forster Alley"""
"S,""1700"",""Mechelle Ungerecht"",""821-677-5004"",""3432 Elmside Hill"""
"M,""1701"",""Carmelina Ludvigsen"",""810-877-7875"",""73 Lindbergh Avenue"""
"M,""1702"",""Elysee D'Antoni"",""730-895-2681"",""68298 Summer Ridge Center"""
"XL,""1703"",""Julia Fassum"",""731-216-9858"",""418 Carberry Center"""
"3XL,""1704"",""Inessa Sandifer"",""771-808-8608"",""0 Crescent Oaks Street"""
"S,""1705"",""Saundra Beresford"",""259-992-9848"",""7 Blackbird Way"""
"M,""1706"",""Magdaia Dack"",""445-647-1994"",""0 Calypso Circle"""
"M,""1707"",""Kennie Boshere"",""389-655-5327"",""1 Bay Parkway"""
"M,""1708"",""Samaria Bryde"",""236-327-3773"",""69 Gerald Park"""
"S,""1709"",""Eydie Keener"",""950-559-2194"",""30 Anderson Lane"""
"M,""1710"",""Guillema Boerderman"",""238-680-4907"",""004 Dahle Plaza"""
"M,""1711"",""Mellisent Strover"",""483-343-5827"",""06021 7th Point"""
"XL,""1712"",""Jolene Pitcock"",""592-499-5958"",""9 Sachs Trail"""
"L,""1713"",""Lory Gorioli"",""217-191-1882"",""2 Lotheville Junction"""
"S,""1714"",""Pace Penddreth"",""358-290-6118"",""9 Brentwood Center"""
"L,""1715"",""Hugues Drummond"",""889-935-4554"",""0714 Talmadge Crossing"""
"XL,""1716"",""Kipp Jakubowsky"",""382-492-3317"",""9 Packers Place"""
"2XL,""1717"",""Berget Candie"",""524-260-3156"",""84 Amoth Hill"""
"S,""1718"",""Urbanus O'Roan"",""603-218-1883"",""2600 Clemons Junction"""
"S,""1719"",""Launce Iglesiaz"",""321-246-4287"",""4 Grasskamp Road"""
"3XL,""1720"",""Teriann Bazelle"",""416-731-1336"",""28422 Lotheville Lane"""
"M,""1721"",""Raviv Redman"",""567-144-0940"",""78326 Doe Crossing Terrace"""
"3XL,""1722"",""Vernice Dilley"",""997-289-4000"",""0679 Hermina Place"""
"L,""1723"",""Claiborne Pauletto"",""432-200-0100"",""3461 Hovde Terrace"""
"S,""1724"",""Zechariah Dell'Abbate"",""364-557-3896"",""70116 Cody Terrace"""
"S,""1725"",""Elva Southby"",""375-769-2014"",""6 American Trail"""
"L,""1726"",""Max Pibsworth"",""244-808-7593"",""20 Roth Terrace"""
"XS,""1727"",""Petrina Laycock"",""680-638-0751"",""90 Leroy Junction"""
"XL,""1728"",""Janice Mullins"",""342-760-0971"",""92390 Birchwood Terrace"""
"XL,""1729"",""Shay Bazoge"",""460-428-9911"",""066 Saint Paul Way"""
"XS,""1730"",""Hildegarde Callan"",""516-479-6385"",""4535 Delaware Road"""
"S,""1731"",""Cassy Maliphant"",""489-731-7693"",""705 Center Parkway"""
"2XL,""1732"",""Mirilla Giffard"",""330-259-8787"",""98 Johnson Lane"""
"XS,""1733"",""Hugh Authers"",""796-504-4034"",""23085 Melrose Center"""
"2XL,""1734"",""Jess Boxall"",""897-378-9285"",""6825 Manley Center"""
"XL,""1735"",""Rebeka Dunridge"",""982-336-7176"",""7 Mallard Parkway"""
"L,""1736"",""Melly Redgrave"",""145-816-6785"",""615 Susan Drive"""
"XS,""1737"",""Norean Sigg"",""763-995-7991"",""4 Holy Cross Circle"""
"M,""1738"",""Corliss Thrift"",""222-662-7392"",""96964 East Drive"""
"L,""1739"",""Shaun Callear"",""909-348-4040"",""79711 Old Gate Court"""
"L,""1740"",""Avril Mushrow"",""731-681-7891"",""6038 Rusk Street"""
"XL,""1741"",""Amby Dowsing"",""347-461-3992"",""9511 Sommers Trail"""
"S,""1742"",""Cordy Mangion"",""582-510-8749"",""6 Kennedy Drive"""
"2XL,""1743"",""Haily Ellerton"",""850-104-5210"",""55 Vermont Parkway"""
"XS,""1744"",""Rab Stain"",""250-350-0827"",""327 Mccormick Terrace"""
"S,""1745"",""Moshe De Bell"",""664-128-8986"",""228 Tomscot Circle"""
"2XL,""1746"",""Elnar Croutear"",""857-836-7766"",""7138 Summer Ridge Drive"""
"2XL,""1747"",""Nikolaos Dudny"",""643-474-2835"",""69 Stang Hill"""
"L,""1748"",""Barnard Knoles"",""590-569-9992"",""69 Bunker Hill Junction"""
"XS,""1749"",""Norby Pinnick"",""929-319-9407"",""9 Karstens Court"""
"M,""1750"",""Nathaniel Trammel"",""800-293-7427"",""79999 Forest Dale Avenue"""
"XL,""1751"",""Milton Flecknoe"",""941-257-6362"",""00 Pine View Pass"""
"L,""1752"",""Nolie Rawlin"",""126-190-2727"",""19 Pierstorff Terrace"""
"3XL,""1753"",""Lionel Deboo"",""553-765-7760"",""609 Burning Wood Junction"""
"2XL,""1754"",""Avrom Hens"",""963-333-7966"",""75 Columbus Place"""
"XS,""1755"",""Crissie Astlatt"",""658-267-5707"",""2 Tennyson Terrace"""
"M,""1756"",""Merrile Charville"",""690-320-3064"",""78 6th Way"""
"M,""1757"",""Seline Gomersal"",""982-537-1436"",""9562 Sutteridge Terrace"""
"S,""1758"",""Kaiser Lambell"",""934-988-2578"",""50871 Morningstar Alley"""
"XS,""1759"",""Lara Deehan"",""995-989-5586"",""80850 Alpine Way"""
"XS,""1760"",""Eli Rickford"",""775-204-4761"",""30 Oneill Lane"""
"2XL,""1761"",""Vera Kynson"",""622-269-0593"",""116 Atwood Court"""
"3XL,""1762"",""Randi Rockey"",""540-741-5020"",""4524 Chinook Circle"""
"L,""1763"",""Natty Babonau"",""451-331-9361"",""47 Coleman Junction"""
"XL,""1764"",""Ardisj Wahncke"",""765-187-9163"",""3 Lyons Avenue"""
"2XL,""1765"",""Alyosha Shadwick"",""993-513-9984"",""0326 Dakota Hill"""
"XS,""1766"",""Stanwood Hubber"",""961-477-2239"",""002 Sage Way"""
"3XL,""1767"",""Terrye Mifflin"",""296-229-6386"",""924 Cascade Crossing"""
"3XL,""1768"",""Druci Jeacocke"",""949-273-9505"",""248 Mayfield Trail"""
"XL,""1769"",""Terrence Keatch"",""181-305-2669"",""67 Vera Court"""
"XL,""1770"",""Raquela Kibard"",""484-669-5319"",""36 Main Drive"""
"2XL,""1771"",""Humbert Tithecott"",""102-129-9356"",""0706 Schlimgen Lane"""
"M,""1772"",""Tamarah Javes"",""748-954-9759"",""78629 Gina Terrace"""
"M,""1773"",""Janie Clucas"",""189-538-8040"",""85 Melrose Point"""
"L,""1774"",""Raoul Ciottoi"",""108-669-6790"",""7004 Union Park"""
"XL,""1775"",""Tirrell Grimble"",""361-968-1527"",""52 Bayside Junction"""
"S,""1776"",""Haroun Nitti"",""505-132-4706"",""5273 Daystar Avenue"""
"3XL,""1777"",""Chicky Pascoe"",""952-547-2279"",""2 Valley Edge Way"""
"L,""1778"",""Tymon Ondrousek"",""284-250-1275"",""56 Hoard Way"""
"M,""1779"",""Gerry Rudiger"",""147-119-5862"",""104 Main Circle"""
"2XL,""1780"",""See Geffcock"",""460-197-8910"",""47 Red Cloud Drive"""
"XS,""1781"",""Martainn Perrot"",""191-728-3845"",""84020 Jenifer Center"""
"M,""1782"",""Debbie Gascoigne"",""600-559-6485"",""85 Lyons Park"""
"XS,""1783"",""Rice Hughill"",""375-713-7663"",""3 Lyons Trail"""
"S,""1784"",""Jehu Schustl"",""715-988-7424"",""0988 Dakota Plaza"""
"2XL,""1785"",""Timmy Andreia"",""714-386-7142"",""5 Florence Crossing"""
"M,""1786"",""Gran Whyler"",""470-365-4059"",""04 Swallow Center"""
"S,""1787"",""Doy Lemerle"",""266-657-1083"",""4333 Dayton Way"""
"3XL,""1788"",""Esme Dorre"",""583-206-6208"",""51977 Tennyson Circle"""
"XS,""1789"",""Joceline Bridle"",""446-138-1747"",""82 Mosinee Court"""
"2XL,""1790"",""Mord Hasely"",""822-378-3581"",""1 Nova Avenue"""
"3XL,""1791"",""Bibbie Wardell"",""139-158-0199"",""0410 Clyde Gallagher Center"""
"M,""1792"",""Doy Buttress"",""800-812-8498"",""0686 Oak Point"""
"2XL,""1793"",""Kearney Yakobowitch"",""391-297-7848"",""06582 Burrows Terrace"""
"XL,""1794"",""Gun Austick"",""227-942-1514"",""1 Fordem Avenue"""
"2XL,""1795"",""Toinette Burgh"",""204-850-9499"",""15 Brickson Park Plaza"""
"S,""1796"",""Skipper Winger"",""143-451-3240"",""22 Washington Pass"""
"M,""1797"",""Doralyn Entreis"",""922-480-4893"",""0 Cambridge Alley"""
"XS,""1798"",""Lola Wason"",""646-569-9333"",""5847 Grim Circle"""
"2XL,""1799"",""Dar Jory"",""206-992-6702"",""618 Commercial Crossing"""
"XL,""1800"",""Shelley Svanini"",""346-139-4414"",""93696 Rusk Terrace"""
"XS,""1801"",""Jacquie Hyndley"",""656-397-8702"",""181 Browning Way"""
"S,""1802"",""Elisha Callaby"",""739-944-8492"",""3 Stuart Circle"""
"XS,""1803"",""Joelly Crutch"",""167-946-7181"",""7638 Union Center"""
"XL,""1804"",""Titus Perham"",""521-200-6041"",""682 Bunting Lane"""
"2XL,""1805"",""Roland Eymer"",""878-822-1419"",""7 Badeau Crossing"""
"3XL,""1806"",""Winn Kydde"",""910-150-2737"",""18 Saint Paul Crossing"""
"S,""1807"",""Karina Yurchenko"",""147-871-4945"",""4639 Utah Crossing"""
"XL,""1808"",""Ester Ackwood"",""244-245-1106"",""036 Bowman Parkway"""
"2XL,""1809"",""Byram Pymer"",""195-340-5868"",""1823 Elmside Avenue"""
"2XL,""1810"",""Amanda Sturrock"",""140-138-0759"",""374 Carberry Court"""
"S,""1811"",""Thadeus Biggar"",""163-663-1808"",""78640 Moulton Drive"""
"2XL,""1812"",""Jakob Spearing"",""816-538-6059"",""7 Meadow Vale Park"""
"S,""1813"",""Hurleigh Shilleto"",""809-516-9052"",""658 Carpenter Circle"""
"S,""1814"",""Buddy Benediktovich"",""384-147-2751"",""0 Elka Trail"""
"M,""1815"",""Pedro Mothersole"",""559-765-2340"",""778 Kenwood Way"""
"2XL,""1816"",""Philippine Pratton"",""589-733-5218"",""5982 Mayfield Road"""
"M,""1817"",""Isabeau Kerwood"",""546-347-8613"",""45 Huxley Point"""
"2XL,""1818"",""Padraig Fagg"",""295-671-0615"",""91240 Gale Crossing"""
"2XL,""1819"",""Josselyn Godber"",""412-803-0620"",""51 Fisk Court"""
"S,""1820"",""Mano Alcide"",""645-443-8576"",""63 Pankratz Street"""
"XS,""1821"",""Brinna Duffie"",""246-221-3874"",""05602 Oxford Road"""
"S,""1822"",""Thomasa Duffill"",""475-960-4006"",""00 Eliot Circle"""
"3XL,""1823"",""Gus Stayt"",""178-240-6589"",""31210 Holy Cross Junction"""
"L,""1824"",""Ethelyn Phelipeau"",""649-721-6108"",""27 Katie Center"""
"2XL,""1825"",""Guthry Micheu"",""755-225-7929"",""86 Dapin Avenue"""
"S,""1826"",""Averil Curm"",""482-282-6232"",""5048 Bayside Terrace"""
"2XL,""1827"",""Sherwynd Runcie"",""107-373-0229"",""3 Dixon Drive"""
"M,""1828"",""Ddene Casiero"",""715-681-5237"",""07 Center Way"""
"L,""1829"",""Joseph Rowlings"",""566-173-1242"",""03 Sunnyside Plaza"""
"3XL,""1830"",""Dell Flowitt"",""778-621-1471"",""821 Hanson Pass"""
"2XL,""1831"",""Nester MacTrusty"",""367-462-9920"",""5 Oak Court"""
"XL,""1832"",""Evie Dibling"",""456-512-1457"",""5531 Erie Pass"""
"XS,""1833"",""Nathaniel Fairholm"",""545-940-3171"",""657 Elka Drive"""
"3XL,""1834"",""Hildy Axston"",""438-596-5475"",""020 Village Green Plaza"""
"3XL,""1835"",""Prudy Morrall"",""679-992-0046"",""3 Manitowish Crossing"""
"L,""1836"",""Hillel Szabo"",""905-599-5922"",""8 Welch Alley"""
"2XL,""1837"",""Adlai Folker"",""394-794-6387"",""27 Fieldstone Road"""
"L,""1838"",""Trevor Woodwing"",""601-578-2248"",""57485 Lien Pass"""
"S,""1839"",""Hilda Medford"",""872-690-0112"",""911 Sundown Street"""
"L,""1840"",""Lillian Lingfoot"",""830-747-9706"",""91915 Arizona Trail"""
"L,""1841"",""Delilah Radenhurst"",""268-505-4655"",""331 Schmedeman Center"""
"L,""1842"",""Meriel Hitschke"",""523-793-6267"",""5 Vernon Avenue"""
"L,""1843"",""Sumner Rayhill"",""754-380-2850"",""73476 Reinke Circle"""
"L,""1844"",""Glenine Ricarde"",""322-416-2333"",""54 Clyde Gallagher Way"""
"S,""1845"",""Hyman Broxton"",""438-226-3559"",""703 Del Mar Point"""
"S,""1846"",""Bengt Ciobotaru"",""698-510-9006"",""527 Westport Alley"""
"XL,""1847"",""Laurent Mardoll"",""264-945-8261"",""789 Manitowish Circle"""
"L,""1848"",""Isidro Bloodworthe"",""491-502-6416"",""03597 Jay Hill"""
"2XL,""1849"",""Fanya Garvagh"",""286-129-8132"",""7822 Village Green Alley"""
"XL,""1850"",""Sephira Tanguy"",""469-815-2146"",""6495 Manufacturers Alley"""
"S,""1851"",""Prentiss Lorie"",""620-842-3442"",""9730 Mitchell Lane"""
"XL,""1852"",""Mackenzie Allewell"",""280-895-4207"",""53796 Lerdahl Plaza"""
"S,""1853"",""Nelia Savell"",""889-286-3030"",""38 Ronald Regan Drive"""
"XS,""1854"",""Georgine Demsey"",""866-657-8655"",""2 Loeprich Center"""
"M,""1855"",""Emmerich Oxenden"",""353-120-0268"",""501 Hauk Alley"""
"M,""1856"",""Dave Harding"",""854-898-4427"",""138 Toban Crossing"""
"M,""1857"",""Leigh Maciak"",""275-525-1139"",""7236 Bashford Pass"""
"L,""1858"",""Nyssa Ascroft"",""457-583-4388"",""9958 Corscot Park"""
"L,""1859"",""Any Barends"",""525-326-5960"",""4898 Clemons Junction"""
"M,""1860"",""Timofei Creevy"",""737-326-1830"",""80352 Eliot Junction"""
"S,""1861"",""Beauregard Ducker"",""698-416-9301"",""54637 Quincy Avenue"""
"2XL,""1862"",""Finn Predohl"",""876-507-4589"",""23 Johnson Alley"""
"3XL,""1863"",""Barde Fibbitts"",""708-811-7622"",""9 Lake View Parkway"""
"XS,""1864"",""Eunice Schechter"",""244-582-2118"",""32 Lake View Lane"""
"2XL,""1865"",""Gerty Eckersall"",""839-422-3976"",""73 Reindahl Center"""
"L,""1866"",""Wake Romanet"",""484-649-9681"",""3 Quincy Point"""
"M,""1867"",""Hermy McIlveen"",""340-168-8464"",""96522 Clemons Terrace"""
"M,""1868"",""Damara Snooks"",""781-305-2485"",""00 Manufacturers Drive"""
"L,""1869"",""Cleve Steckings"",""276-624-8024"",""5765 Almo Place"""
"XS,""1870"",""Yank McSperrin"",""540-383-1532"",""048 Moland Trail"""
"3XL,""1871"",""Karin MacMenamie"",""883-476-6400"",""6877 Norway Maple Pass"""
"S,""1872"",""Prentiss Anderton"",""150-879-1394"",""2784 Fuller Pass"""
"L,""1873"",""Cly Hendriksen"",""946-459-0372"",""059 Monica Crossing"""
"XL,""1874"",""Victoir Common"",""594-155-8800"",""3 Eliot Avenue"""
"XL,""1875"",""Chiarra Fairhurst"",""328-455-5780"",""99 Park Meadow Alley"""
"S,""1876"",""Leoline Worlock"",""480-982-5066"",""1 Luster Parkway"""
"XS,""1877"",""Shari Hatchett"",""811-937-5072"",""60147 Fulton Court"""
"XS,""1878"",""Ody Vallery"",""512-782-3955"",""3 Arrowood Parkway"""
"M,""1879"",""Yelena Mirfield"",""457-439-5169"",""7 Hoffman Road"""
"3XL,""1880"",""Lorita Van Baaren"",""998-481-6315"",""8 Fair Oaks Crossing"""
"L,""1881"",""Pooh MacBain"",""968-897-1060"",""83355 Sugar Trail"""
"XL,""1882"",""Neysa Steaning"",""484-878-5322"",""02610 Trailsway Center"""
"XL,""1883"",""Gaultiero Swafield"",""106-819-9727"",""02938 Debra Road"""
"XL,""1884"",""Daisey Halms"",""414-805-2480"",""00 Barby Plaza"""
"M,""1885"",""Aliza Cutridge"",""107-377-2209"",""2584 Hoard Parkway"""
"XS,""1886"",""Benedicto Llewellyn"",""874-395-0667"",""6 Veith Avenue"""
"XS,""1887"",""Dyanne Feehan"",""183-546-0300"",""4 Sachtjen Trail"""
"2XL,""1888"",""Elly Sterrick"",""203-687-0782"",""7118 Westerfield Avenue"""
"3XL,""1889"",""Giraud Shales"",""486-366-0207"",""69 Coleman Junction"""
"XL,""1890"",""Zachery Bumpass"",""306-741-5525"",""04188 Lunder Hill"""
"2XL,""1891"",""Kincaid Acott"",""303-101-3315"",""524 Sunfield Hill"""
"L,""1892"",""Elora Bowra"",""213-204-6972"",""1 Fremont Junction"""
"XL,""1893"",""Grover Scipsey"",""341-996-8141"",""5 Dixon Plaza"""
"2XL,""1894"",""Norbert Corbyn"",""268-655-2352"",""65 Karstens Parkway"""
"L,""1895"",""Hazel Wainwright"",""197-781-6233"",""51245 5th Trail"""
"M,""1896"",""Bamby Pardey"",""971-706-5259"",""10 Park Meadow Plaza"""
"XL,""1897"",""Dorella McCrackan"",""741-677-7837"",""7716 Goodland Park"""
"L,""1898"",""Ranna Humphrys"",""311-225-1434"",""43 Pennsylvania Lane"""
"XS,""1899"",""Delphine Fere"",""786-584-8572"",""6521 Vera Hill"""
"M,""1900"",""Kenny Twinberrow"",""324-303-5203"",""61 Sloan Circle"""
"XS,""1901"",""Imojean Quilliam"",""802-280-9991"",""83 Cardinal Place"""
"M,""1902"",""Ailsun Crispin"",""887-695-5211"",""40414 Boyd Avenue"""
"M,""1903"",""Hermia Rickis"",""253-233-9207"",""2 Lindbergh Trail"""
"M,""1904"",""Nolly Stockings"",""740-285-5931"",""60 Vahlen Street"""
"XL,""1905"",""Cathi Axtens"",""530-706-2479"",""9 Luster Way"""
"3XL,""1906"",""Leelah Cypler"",""291-705-4728"",""84649 Meadow Valley Pass"""
"M,""1907"",""Clarance Esgate"",""740-547-8780"",""0 Dixon Lane"""
"2XL,""1908"",""Alejoa Lantaph"",""309-885-5791"",""76126 Pankratz Point"""
"S,""1909"",""Mavis Hazzard"",""285-874-3817"",""21449 Monument Hill"""
"L,""1910"",""Diane Gladdis"",""526-269-2744"",""81 Cottonwood Plaza"""
"XS,""1911"",""Jessie Duncanson"",""379-371-5306"",""94221 Graedel Drive"""
"M,""1912"",""Georgi Corless"",""657-863-4976"",""25 Hauk Plaza"""
"S,""1913"",""Waite Guppey"",""542-466-3145"",""8 Green Ridge Way"""
"L,""1914"",""Tucky McGrirl"",""160-447-7966"",""9 Stoughton Parkway"""
"S,""1915"",""Cara De Domenicis"",""162-608-6542"",""6 Clyde Gallagher Point"""
"3XL,""1916"",""Corly Quixley"",""545-192-8102"",""61769 Farmco Point"""
"L,""1917"",""Claudio Gianetti"",""763-454-7976"",""78938 Manitowish Center"""
"XS,""1918"",""Nicolais Boyne"",""261-783-2061"",""9336 Duke Pass"""
"XS,""1919"",""Winnifred Ashburner"",""455-743-1729"",""14327 Hermina Hill"""
"XL,""1920"",""Berty Saket"",""971-167-2240"",""60 Claremont Street"""
"M,""1921"",""Emilia MacPhaden"",""627-869-9028"",""5628 Dixon Court"""
"L,""1922"",""Nady Chiplen"",""682-349-8152"",""60491 Sunnyside Crossing"""
"2XL,""1923"",""Haze Rothera"",""623-844-7342"",""634 Lakewood Junction"""
"XL,""1924"",""Eran Dun"",""578-985-9044"",""2 Coolidge Place"""
"XS,""1925"",""Shadow Corner"",""920-813-4153"",""8022 Clyde Gallagher Street"""
"3XL,""1926"",""Andris Fayter"",""796-490-0439"",""827 Sycamore Avenue"""
"M,""1927"",""Alexi Loach"",""183-123-5701"",""6597 Macpherson Point"""
"S,""1928"",""Tymon MacElane"",""816-432-1279"",""8 Gateway Plaza"""
"XL,""1929"",""Pepillo Ahrendsen"",""388-918-9414"",""45797 Holmberg Pass"""
"XL,""1930"",""Starr Pitblado"",""351-452-1616"",""403 Dahle Avenue"""
"XL,""1931"",""Kellia McManus"",""866-312-2380"",""22 Reindahl Pass"""
"2XL,""1932"",""Karilynn Ilewicz"",""441-623-4739"",""705 Forster Point"""
"S,""1933"",""Joaquin Slaght"",""546-878-1944"",""3 Hollow Ridge Hill"""
"L,""1934"",""Nesta Cottey"",""650-936-4116"",""5767 Messerschmidt Parkway"""
"XL,""1935"",""Rutger Manners"",""699-819-8260"",""1 Shasta Way"""
"2XL,""1936"",""Lorna Impett"",""477-215-9418"",""4066 Spenser Hill"""
"2XL,""1937"",""Freemon Goodale"",""198-182-3406"",""80 Cardinal Lane"""
"M,""1938"",""Efrem Karpenko"",""969-623-1683"",""42 Marcy Hill"""
"2XL,""1939"",""Opal Couch"",""617-591-0427"",""22874 Crest Line Center"""
"2XL,""1940"",""Marlon Ayer"",""856-504-8621"",""53 Namekagon Terrace"""
"L,""1941"",""Korey Lown"",""582-266-2818"",""5 Mesta Avenue"""
"M,""1942"",""Rick Menguy"",""738-295-4693"",""34909 Everett Road"""
"XL,""1943"",""Oralla Coad"",""752-136-5452"",""0589 David Plaza"""
"XS,""1944"",""De witt Blowes"",""432-138-2080"",""715 Merrick Place"""
"3XL,""1945"",""Leigh Ralestone"",""124-697-5014"",""6028 Moland Terrace"""
"2XL,""1946"",""Tabbi Jelliman"",""224-577-4157"",""9 Messerschmidt Court"""
"XS,""1947"",""Nell Toop"",""143-170-7893"",""54 2nd Park"""
"2XL,""1948"",""Flemming Snashall"",""526-896-6534"",""078 Tomscot Trail"""
"2XL,""1949"",""Quinn Purchall"",""552-177-1398"",""3441 Alpine Trail"""
"2XL,""1950"",""Katharina Khoter"",""731-444-6593"",""85840 Eastwood Lane"""
"L,""1951"",""Jenn Spoward"",""832-989-0672"",""105 Huxley Park"""
"2XL,""1952"",""Marion Sears"",""421-119-7399"",""36 Clove Center"""
"L,""1953"",""Consolata Ivanishev"",""206-364-4081"",""74 Logan Parkway"""
"3XL,""1954"",""Gay Feechum"",""652-704-5134"",""242 Nevada Place"""
"2XL,""1955"",""Therine Cerro"",""182-240-6185"",""8074 Gateway Circle"""
"XS,""1956"",""Francesco De Clairmont"",""587-947-9984"",""2767 Rieder Drive"""
"3XL,""1957"",""Montgomery Eglinton"",""771-140-9254"",""385 Ruskin Drive"""
"M,""1958"",""Aggy Sharples"",""511-938-2984"",""0187 Corry Street"""
"S,""1959"",""Farley Abdie"",""225-922-7261"",""6 Mayer Street"""
"XL,""1960"",""Jermaine Alsop"",""379-616-2854"",""47370 Schurz Park"""
"3XL,""1961"",""Bonni McGirr"",""378-630-0648"",""0534 Golden Leaf Trail"""
"3XL,""1962"",""Dodi Legon"",""484-683-7266"",""6 Duke Way"""
"XL,""1963"",""Evania Laweles"",""220-100-7902"",""98 International Crossing"""
"M,""1964"",""Danna Wheal"",""476-713-8123"",""9594 Forster Plaza"""
"2XL,""1965"",""Wynnie Olden"",""741-223-8870"",""17 Waubesa Trail"""
"XL,""1966"",""Loralee Woollcott"",""152-430-5104"",""58059 Debs Parkway"""
"XL,""1967"",""Alisander Mogridge"",""542-765-8079"",""9602 Red Cloud Way"""
"XL,""1968"",""Mickie Maxstead"",""322-415-5545"",""50078 Mesta Court"""
"XL,""1969"",""Deva Fydoe"",""864-102-4314"",""5 Hazelcrest Court"""
"S,""1970"",""Minetta McArt"",""939-345-3109"",""8 Fisk Trail"""
"XS,""1971"",""Myrah Feldmark"",""663-607-1880"",""85798 Truax Hill"""
"3XL,""1972"",""Cliff Ravenscroft"",""500-944-3759"",""2 Prairie Rose Terrace"""
"3XL,""1973"",""Marjy Neubigin"",""170-405-5340"",""40 Nevada Trail"""
"S,""1974"",""Jermayne Lomax"",""658-503-2291"",""56997 Claremont Court"""
"M,""1975"",""Murdoch Sauvan"",""290-368-0777"",""57 Fallview Avenue"""
"XL,""1976"",""Anjela Wong"",""274-729-4434"",""33 Grasskamp Avenue"""
"3XL,""1977"",""Agnes Helian"",""108-222-4357"",""810 Ludington Street"""
"2XL,""1978"",""Fritz Jacklings"",""521-184-8140"",""361 Forster Hill"""
"M,""1979"",""Tracey Benditt"",""577-628-0270"",""06987 Continental Crossing"""
"S,""1980"",""Dirk Ellerman"",""670-435-7980"",""77533 Mosinee Point"""
"S,""1981"",""Giana Stait"",""783-954-8756"",""644 Monument Hill"""
"S,""1982"",""Cesaro Budget"",""104-187-9440"",""89929 Village Pass"""
"XL,""1983"",""Ruthy Berrie"",""292-302-1679"",""06 Lillian Hill"""
"M,""1984"",""Brittni Bustin"",""417-309-5110"",""039 Russell Hill"""
"2XL,""1985"",""Grady Pibsworth"",""786-653-3827"",""7227 Heath Circle"""
"2XL,""1986"",""Devin Irnys"",""824-847-4507"",""63 Vernon Point"""
"XS,""1987"",""Carlin Pairpoint"",""436-643-8096"",""9514 Arizona Trail"""
"S,""1988"",""Koren Berger"",""831-769-6900"",""6 Vera Drive"""
"XS,""1989"",""Gabrila Ickeringill"",""462-143-4686"",""57 Schmedeman Crossing"""
"XS,""1990"",""Bondie Myles"",""202-821-4996"",""87 Monument Place"""
"L,""1991"",""Neill Bursell"",""205-882-4260"",""155 Kingsford Way"""
"XL,""1992"",""Royce Durden"",""734-548-9182"",""0604 Loomis Junction"""
"M,""1993"",""Hedy Reiling"",""687-839-5710"",""92332 Marcy Point"""
"S,""1994"",""Winna Andriveau"",""906-627-7346"",""995 Russell Alley"""
"2XL,""1995"",""Granny Crowcroft"",""358-873-5271"",""5564 Alpine Alley"""
"3XL,""1996"",""Eadie Tesoe"",""410-196-3044"",""0 Hazelcrest Trail"""
"3XL,""1997"",""Lyndel Aisman"",""197-686-3153"",""72471 Sunnyside Lane"""
"2XL,""1998"",""Dorelia Reay"",""439-846-1665"",""856 Blue Bill Park Drive"""
"XS,""1999"",""Maison Sweet"",""680-326-0039"",""3 Westridge Parkway"""
"XS,""2000"",""Laurel Hubert"",""418-836-1731"",""3 Novick Lane"""
