"Grapes - Red,""1Cu9haD51wbztZCpbVKuqj9UfDENC95fLe"",""$5.55"",""1"","""","""""
"Cheese - Marble,""12a5tVdaJzjyW6KZ8M1HG1ezT7gM4Sc5zn"",""$6.24"",""2"","""","""""
"Beef Tenderloin Aaa,""1DoLiuFKvxBWxg4XahLLd8df78xcbpACDS"",""$5.10"",""3"","""","""""
"Tamarind Paste,""1LJieH4wHqrwqC84VRQoJgqEARPATErwcf"",""$2.36"",""4"","""","""""
"Rhubarb,""1PUKz18SDzxCACPUS5J5HcGWm6PQNBCn3C"",""$2.46"",""5"","""","""""
"Chives - Fresh,""1BYNU4DdDHSJ7S4VfVxAnFF816vnUaeYkM"",""$0.37"",""6"","""","""""
"Lid - 16 Oz And 32 Oz,""1ERuZHAUdWcRwcdNY5W6qTvGR4p7sidUDU"",""$4.25"",""7"","""","""""
"Oyster - In Shell,""12qV9bky1uDhVn1woLdFVGFkZAdK93R1bK"",""$0.89"",""8"","""","""""
"Chicken Giblets,""1Ec9GFg37cxtnHcSQJYBqkLztvDseZng8c"",""$0.83"",""9"","""","""""
"Pepper - Red Chili,""13TydqhDzm9DVjodCk53wbhUZUBDP1xuN9"",""$1.18"",""10"","""","""""
"Iced Tea - Lemon, 460 Ml,""1FKPwNTy8GMxu75KYFz2Lyw361XkirVUni"",""$2.16"",""11"","""","""""
"Soup Bowl Clear 8oz92008,""1FEvs1jEiwijcSot5avy37tPKyrmsPkCzD"",""$4.52"",""12"","""","""""
"Oregano - Fresh,""1MtNQZ1zWDDrudY7hGVKXs5Q44MvjUXoUb"",""$7.74"",""13"","""","""""
"Cheese - Parmesan Grated,""19HQzgkDTSRZZfuheqCz2TPs78MSAUhFDm"",""$7.11"",""14"","""","""""
"Lamb Shoulder Boneless Nz,""1s9MB5VqKm4n4uup97H99GNR5sSQ9aedE"",""$9.83"",""15"","""","""""
"Pate Pans Yellow,""16beAAKKhmBfmMm5wT3iYGuePRPMvHq5Za"",""$8.00"",""16"","""","""""
"Basil - Pesto Sauce,""165yH2hecNJn3vHoEQHYYaBWx5aw8b2zLJ"",""$9.28"",""17"","""","""""
"Soup - Beef Conomme, Dry,""16u3gkUQKbivPgU79vgMH9cnPfEbEcKxXg"",""$9.05"",""18"","""","""""
"Carrots - Jumbo,""1Awr9p5uFqz8yk5J6CskTGfR939AqZ4JyJ"",""$3.57"",""19"","""","""""
"Sprouts - Corn,""1Fdp87EvE93wQsC6x282auPjmzh5VTrbzH"",""$6.78"",""20"","""","""""
"Nut - Peanut, Roasted,""14wJ581yLrx3LEga8DJ6RTUZ7Bm9Zb2YSz"",""$9.28"",""21"","""","""""
"Rabbit - Frozen,""1EcLTCofKkH7eban7UULvW4hWcpmkc9MUg"",""$6.53"",""22"","""","""""
"Fudge - Cream Fudge,""1QEA1HqRGYG9YaWvZBRF74P1GhWY1diFF1"",""$2.10"",""23"","""","""""
"Cheese - Grie Des Champ,""1NZanPuHoc9teraNx2MJdym46iwUrDbSvH"",""$1.57"",""24"","""","""""
"Shrimp - Black Tiger 13/15,""14pntukiyDZRcGjcXBmGvtbnHb82SJcwCJ"",""$3.43"",""25"","""","""""
"Bread - Malt,""155TmhBffWFxog8kZL3twizW3M75NMnvjJ"",""$8.39"",""26"","""","""""
"Pork - European Side Bacon,""14tEjgrH6gDXtYoKn7WuX5HWYzd4JWZSAY"",""$0.72"",""27"","""","""""
"Pepper - Chilli Seeds Mild,""1Eps2aDNJGsAwLwAfuf87EpZuyMNL4Rura"",""$5.83"",""28"","""","""""
"Barley - Pearl,""1WXnjPhygngVKCgmLuajNCWMhPrTBxDTg"",""$0.78"",""29"","""","""""
"Kohlrabi,""1A3iYons1bYwbSBh34rR1Y1v4SyMzjx3Pc"",""$6.98"",""30"","""","""""
"Bagels Poppyseed,""1EDaUs8zP9c8bqitKXzGA33oNnAz789rvj"",""$9.86"",""31"","""","""""
"Rye Special Old,""196FXGu6HTPcpDi1sJydmZGwfxJAUpgeRj"",""$8.65"",""32"","""","""""
"Five Alive Citrus,""1KLLtbtFWJckfSaEQYVz5xEhJBjmFuQb5d"",""$6.54"",""33"","""","""""
"Truffle Shells - Semi - Sweet,""1Lohtrjb3CAHVDddRnRpFz82oL7VJqY2bJ"",""$5.46"",""34"","""","""""
"Water - Spring 1.5lit,""1DwtvrPifBPGqp1YgYwhpGkbrV6GyKHxwv"",""$9.44"",""35"","""","""""
"Wine - Magnotta - Red, Baco,""16TJPLNeCoyJ8bmtta5LmTtVUFAVfUXwZu"",""$3.61"",""36"","""","""""
"Anchovy Paste - 56 G Tube,""17LLCJ5JN8hGuqs7bMHVJde8knnkvq75Ye"",""$4.75"",""37"","""","""""
"Napkin - Cocktail,beige 2 - Ply,""18mMnbK7GgyxtWfirFJNQnuj7JoG26LVCZ"",""$6.31"",""38"","""","""""
"Jameson - Irish Whiskey,""1Ec9piGr14FmdQciVk2Uu545hJZ6aXU1js"",""$1.33"",""39"","""","""""
"Hipnotiq Liquor,""1HoKyHpZNMmGgK2kxU8fDedrvpyPDi2n6Q"",""$6.63"",""40"","""","""""
"Asparagus - Green, Fresh,""1NyM8HA2CewtkkrVonYwDx5t5P5ySmxWFK"",""$9.09"",""41"","""","""""
"Wine - Prosecco Valdobienne,""1HSaTHTkXamBhv2754dvwkFhiJbkFEcCrd"",""$2.58"",""42"","""","""""
"Pork - Back Ribs,""18LKEFfFy6XsBi7kCpE58aaPA7B9a77tyk"",""$4.23"",""43"","""","""""
"Muffin Mix - Raisin Bran,""15EE3RfUMRXbzFn3tYDeeK1p59HA8nwZ19"",""$7.23"",""44"","""","""""
"Bagelers - Cinn / Brown Sugar,""1FTJ1CyHLLxuZkFT7KgUZAvdEDfMNtoVFe"",""$0.39"",""45"","""","""""
"Carbonated Water - Peach,""16WDkUPpJuWQRbpeb43E6jELr9eeDLb2Za"",""$9.84"",""46"","""","""""
"Pepper - Chillies, Crushed,""189uPQwUnvf4Rhp33NQNohewEDxqcTfLDo"",""$5.70"",""47"","""","""""
"Lamb - Leg, Diced,""18g3tmhM3iKtYjYzHtYRtmz4cu83WbYzZR"",""$7.09"",""48"","""","""""
"Marzipan 50/50,""1Bu1XzcUQd6CeKyBpSDQ98tTU7mspSgw25"",""$4.74"",""49"","""","""""
"Nestea - Iced Tea,""1C7ryBJTCz43CsTLTfaAbwQaFdgZxFbmpK"",""$7.25"",""50"","""","""""
"Ice Cream Bar - Hageen Daz To,""1J9ywd1co7qEhy3sPR2FSnrPBWDomKanbc"",""$1.88"",""51"","""","""""
"Creme De Cacao Mcguines,""1D4j5xdPpGGL5Pz35V6fUFE74Q1MWfsHyE"",""$4.37"",""52"","""","""""
"Amaretto,""14R987GBz9xRNroGNcKbBoLcUWmbA7ReWq"",""$3.45"",""53"","""","""""
"Nestea - Iced Tea,""14P33r2J7Fm9VUbYyTmqDaecKZr2JTuDtL"",""$3.01"",""54"","""","""""
"Extract - Rum,""1MPYqKoXZLmfgkHKKABsaSiQRj5DsbaPaN"",""$2.91"",""55"","""","""""
"Carbonated Water - Orange,""1F7MdTf2SpZG2LvgHzKoXtyRSh8uSiHPKu"",""$7.50"",""56"","""","""""
"Calaloo,""1DYJwi3gzGSTrb8YoabxeasE6ix6R8vaMb"",""$3.07"",""57"","""","""""
"Beer - Sleemans Cream Ale,""1JqmJZQZQAAE34DiZavCY6KeJzmqNhFLvr"",""$3.51"",""58"","""","""""
"Trueblue - Blueberry Cranberry,""1NtLEoN2PMc7MmPw9r9uvpTTmmS82N2H7m"",""$6.77"",""59"","""","""""
"Cup - Paper 10oz 92959,""16DwoDsM4cPJppGGdN7X9iaKr6UzCvSxB4"",""$8.10"",""60"","""","""""
"Beef - Bresaola,""1C4MxwtrEewi61Z4fQuFeFwS1DFbpH1mnj"",""$8.89"",""61"","""","""""
"Sobe - Berry Energy,""1CN1jCx9hDHGhDxA2a9GFwhdWSaDoRGPJ7"",""$2.74"",""62"","""","""""
"Wine - Cotes Du Rhone Parallele,""1HKNfxVDLdurJdVRBhzrMAFWvJNwYuMi9J"",""$6.48"",""63"","""","""""
"Veal - Sweetbread,""1Mt2VCag2VKTxW77VcWQJe4rTvC5N8CGfX"",""$5.23"",""64"","""","""""
"Lobster - Tail, 3 - 4 Oz,""1M535y8wrXrkd34GjGaxaPVksDM6FrrRUE"",""$3.43"",""65"","""","""""
"Glass Clear 7 Oz Xl,""1PTHedvbHRB2YU3yqUDHM76jLcqbm5htuF"",""$3.84"",""66"","""","""""
"Maintenance Removal Charge,""1H4FwFcfMuPgkwkWbW1PSNirbTRWXFaRm6"",""$2.02"",""67"","""","""""
"Melon - Watermelon Yellow,""19mV5tk8Z27EBXwCXAcBujR1XW94dHMgdV"",""$9.99"",""68"","""","""""
"Limes,""1P7E6XiZXG8NS1tH3B1ZK8JiYijxWfJSSN"",""$2.45"",""69"","""","""""
"Soup - Campbells Chili Veg,""1CVPX4YKe7Vz6hmWLsxAAWzLg9jkZP9wRK"",""$6.27"",""70"","""","""""
"Squeeze Bottle,""1NZNtKD5MWkhwX2VZLFAPFR3e2fcULFwR1"",""$5.92"",""71"","""","""""
"Grapes - Black,""166LpAJfUG8K2SYezJ1wJRxh1TNrEp2aVk"",""$1.11"",""72"","""","""""
"Pasta - Cannelloni, Sheets, Fresh,""1MR7PUg1SYwjyzbDJA7obw7Q4CU6fjV1jk"",""$5.95"",""73"","""","""""
"Red Pepper Paste,""1H6h49j5ybEmSisc5cQw75r25A7tVhK53s"",""$8.35"",""74"","""","""""
"Sauce - Mint,""1HdycGwGU9Gk2kK4n7BA6U8byjuUYHdjyB"",""$3.55"",""75"","""","""""
"Soup - Campbells, Creamy,""1MYPNE2xKKH9pzJ98EFEuvqy8tGSbg8Upi"",""$1.87"",""76"","""","""""
"Wine - Remy Pannier Rose,""1E42PWfnSX9qkbWmRUQ7QMesp2UNATr4oi"",""$6.80"",""77"","""","""""
"Wine - Red, Cabernet Merlot,""1LBo3Lp2F21zBe2pCJreq6m8DMwMCaM5vT"",""$5.78"",""78"","""","""""
"Aromat Spice / Seasoning,""1FVuY8h9wnDwY3WVMHAhowyv3JGbJgguX7"",""$9.69"",""79"","""","""""
"Pasta - Fettuccine, Egg, Fresh,""1H7mvBDvEDaAjPUMh7noBqLvwfdtzKYdAu"",""$8.87"",""80"","""","""""
"Tea - Herbal I Love Lemon,""1Hx4zp8kHyn1KcHXRqimPTAspsE3D8qn4a"",""$9.91"",""81"","""","""""
"Soup - Campbells Beef Strogonoff,""1ENnoskjMMsA2ZByCtKiA1hDEkJC8Fd9ym"",""$2.93"",""82"","""","""""
"Quail - Whole, Bone - In,""1Lo7JN574hUYcRmrmfvEsCCechYEEb7N74"",""$4.49"",""83"","""","""""
"Ecolab - Ster Bac,""1GThzUqbNkU3pCjNpagmv1pLags77jVkxW"",""$4.34"",""84"","""","""""
"Marzipan 50/50,""1GWX17yNo6T1AzbFZQevjxnnJEoxd1DHPV"",""$3.59"",""85"","""","""""
"Hummus - Spread,""1Dwtyfvymep9qnjMiPc61WKPbGfAJu4QZT"",""$3.09"",""86"","""","""""
"Bread - Sour Sticks With Onion,""1EvBhCGAfr2EKjs3dGYbpaBVnokxAMFTxr"",""$9.96"",""87"","""","""""
"Rice - 7 Grain Blend,""1Chc5gCqigy3Nrvgmj3CUNbNStmVhgBK4p"",""$5.90"",""88"","""","""""
"Eggs - Extra Large,""19cNhnSNs4XeRG9vVwWEp5Mex6ED2y3gsr"",""$3.09"",""89"","""","""""
"Wine - Ej Gallo Sierra Valley,""1PbaAMu4mUEPz4xTHZoX9aUtgsgch6ePdm"",""$9.66"",""90"","""","""""
"Papadam,""1Ewn3sSR9WFTswJs5butbtN1tK3oLUDJnj"",""$7.03"",""91"","""","""""
"Lady Fingers,""1KoM88LGA7116L2oPBDVZVMjErhei4xKrC"",""$8.98"",""92"","""","""""
"Curry Powder Madras,""19RfBgKFfAY3k56zs8mY8WkbnkfHqUwwFD"",""$0.43"",""93"","""","""""
"Steel Wool,""1KAQsoqb5aocNtTJPfv1FVr5g8byJS7MjF"",""$6.02"",""94"","""","""""
"Shopper Bag - S - 4,""1HTdL6bCncupVJommMA3ambRqCej11SrwE"",""$5.28"",""95"","""","""""
"Salt - Seasoned,""17YEgJ8Xi6fd1mJdTjwBoA1QynBp2GAaHP"",""$5.13"",""96"","""","""""
"Sea Bass - Whole,""14h82H7mDW3iZoNnWrUtPAeuZDv8dHGCSo"",""$7.67"",""97"","""","""""
"Wine - White, Gewurtzraminer,""1FY8BPH3rm2t7oRyhnXBUgLpQVn89vX6he"",""$2.12"",""98"","""","""""
"English Muffin,""17w3i6yBqbb47MXY68oKqucc2BzkyBbkBQ"",""$1.84"",""99"","""","""""
"Soup Campbells Split Pea And Ham,""1L1zdDT9t6bndKbZrfhMWMWheFzWu4Dbf7"",""$0.55"",""100"","""","""""
"Pants Custom Dry Clean,""1MiFY2bXRoh6cxTq51Ws58ddTv6Wu4sxW5"",""$8.84"",""101"","""","""""
"Energy Drink Red Bull,""12oESPv1inLnzaJXqx68BjiwEVgwLJbxxe"",""$2.63"",""102"","""","""""
"Napkin White,""1HV78iJMNXbifVv6fProY6yQVnXdFdsuHb"",""$1.93"",""103"","""","""""
"Savory,""1EVHJU7i4DyynTuxvuTV1pWu1eTZYtPg86"",""$8.53"",""104"","""","""""
"Trout - Rainbow, Frozen,""1QHaXmY9b2gGD3dXxVAPNKxeNpSDCyAwf"",""$2.39"",""105"","""","""""
"Mushroom - Morel Frozen,""1BEZjmeJf7NA8usVy8id3YCpbtFU742vmB"",""$2.52"",""106"","""","""""
"Crackers - Melba Toast,""1GXttwSpzyHN8D77qKdihFUYESv4VwLN5c"",""$2.63"",""107"","""","""""
"Tomatoes,""1C1Td94ArCKnARHNsh9Cfar6J9NwQNJhGz"",""$3.74"",""108"","""","""""
"Milk - Buttermilk,""1BdWhPLo66F7NkVrD8B3vdGt6Z7jejo2QF"",""$2.80"",""109"","""","""""
"Cheese - Pont Couvert,""1FadTqwEDxemuTFudf5HK6Wdeb9BGgLc8E"",""$2.97"",""110"","""","""""
"Sausage - Andouille,""1HiZptMzY27EUrsJYQGDmQP1hp2tvpoJ5f"",""$5.91"",""111"","""","""""
"Soup - Knorr, Classic Can. Chili,""113mJCaEZVcMchW5Ey1FmSHrfJdWXUafUN"",""$4.85"",""112"","""","""""
"Rice - Sushi,""1LYTarLKcd6zYrJaDH1w9dDiC3aaAXiMRF"",""$7.87"",""113"","""","""""
"Napkin White,""1A5TG6uRZ8KtkPXD5wypjhVvKFsvLCUhGU"",""$5.12"",""114"","""","""""
"Banana - Leaves,""16aRUNrDCQQzd4xqqxTUETASQFpNqKKWwf"",""$2.82"",""115"","""","""""
"Syrup - Monin - Blue Curacao,""17DHdSR1mZGfmUQdkrjAtvSS5nmFcvSEqZ"",""$9.22"",""116"","""","""""
"Sauce - Soya, Dark,""1HE7SJYVVNkyJ5g16ZypFSxCjqNeCs3pbW"",""$5.64"",""117"","""","""""
"Triple Sec - Mcguinness,""1HZ1jQuNXR3GNER8nzYe5EVr4qgSZddVcR"",""$4.72"",""118"","""","""""
"Oil - Sesame,""1EQ65w6ZnNbKvCGKDhocqyfsQ7dSANCBBu"",""$1.89"",""119"","""","""""
"Sour Puss Raspberry,""1HPEDkXN6LMva52Dd179xU2Br7iDf78r2v"",""$3.16"",""120"","""","""""
"Sugar - Brown,""1D7LnKz3kTTx9zUPrGGBufXS5D1LExheyD"",""$3.27"",""121"","""","""""
"Muffin Puck Ww Carrot,""1CcUbSumNmtz4Kn286AeN5mHrBPwGfC8X8"",""$4.08"",""122"","""","""""
"Soup - Campbells Chili,""1Pd3SyPaeQCJKXnsLXFgddt4UChXbYWPJV"",""$8.74"",""123"","""","""""
"Sobe - Liz Blizz,""1HBepG38wXKjT3u5YbsjZMxMnNyZSnprpQ"",""$9.87"",""124"","""","""""
"Juice - Grape, White,""13LhLtFMQVcmLu1WRXbC6FRLXUHjfB7aGc"",""$6.26"",""125"","""","""""
"Wine - Saint Emilion Calvet,""1NmqC6fkxB4uGWWwoY5ZFmYzqKd4pMxbFy"",""$3.62"",""126"","""","""""
"Pie Filling - Pumpkin,""1G4nEbqhKmX2w3gYcqGdMuUhppJhwqHjYJ"",""$8.75"",""127"","""","""""
"Wine - Rosso Del Veronese Igt,""12y5JKrzfanfevARLQVHRXtBKN1ubhemeV"",""$5.23"",""128"","""","""""
"Salt And Pepper Mix - Black,""1BrJBNxytznZxAX2asjmPpNKp9EDMzbTY7"",""$6.15"",""129"","""","""""
"Cake - Cheese Cake 9 Inch,""1KondWmZHvfsrwGvW327XhxAMGQbBmX9gg"",""$1.51"",""130"","""","""""
"Huck White Towels,""1PJiWy4gfG8zuKeCQJqKKpEHd5VctmUWUU"",""$7.82"",""131"","""","""""
"Longos - Assorted Sandwich,""1bEjfYs5easHRUn2YUc72F3XpDJLDjbSV"",""$9.32"",""132"","""","""""
"Nantucket Orange Juice,""1CBLVui9BbBZmouQzNt1XgqG2iaUGy5ney"",""$4.32"",""133"","""","""""
"Towel - Roll White,""1AbFmGV8FwCPuPg4Hn9Qnwe4FH4tAaRoDv"",""$2.07"",""134"","""","""""
"Pork - Bones,""1MobvNehKcoG1akypfNhksXZSZAEphxXsS"",""$0.84"",""135"","""","""""
"Rum - Light, Captain Morgan,""1KqYzkpNu56u9qw1c13JntHcknisKdAugw"",""$8.30"",""136"","""","""""
"Cake - Miini Cheesecake Cherry,""1LExyUJs1m8U87KTZm96Jsxf3GCq1z4JFJ"",""$5.72"",""137"","""","""""
"Wakami Seaweed,""14xggXmBMsWBnxDqsXEiQCLjBFKjDPhL8m"",""$6.83"",""138"","""","""""
"Muskox - French Rack,""1M4cNQiNYUmCJJpUHGgfyrFJxxDcxGp1xL"",""$0.50"",""139"","""","""""
"Water - Spring Water, 355 Ml,""1Q4G61qYNq6msPWtsGuCqQQfqyFH6Bubet"",""$8.44"",""140"","""","""""
"Cookie - Oreo 100x2,""1KmPm3sTGzDsRrzewChKdZg9PRz3LM84TN"",""$0.03"",""141"","""","""""
"Container - Clear 32 Oz,""1LEKD94qVycbtxsRTEFRTCjEPag5mdj8E1"",""$3.35"",""142"","""","""""
"Bread - Roll, Italian,""1KfNc5FjakwuyWK4vrvEZLmDEWzniuET2R"",""$5.70"",""143"","""","""""
"Wine - Chardonnay South,""1BHiHJSu9DoQMfgvqJcHFmGMcEwq1mgcEC"",""$3.03"",""144"","""","""""
"Ice Cream - Vanilla,""18NuBLXRTKbSf4URhRGEjQVG24oNPBsT3X"",""$0.02"",""145"","""","""""
"Longos - Grilled Salmon With Bbq,""14EEmUGT3cipPQMMy5dALwdpwiDci4veTf"",""$0.23"",""146"","""","""""
"Juice - Tomato, 48 Oz,""1JLaJanJBJ66eqVSCFjr9dC24vEjMgQgrh"",""$3.89"",""147"","""","""""
"Beef - Striploin,""1J21E1WhP41fZdJC7cLwydfVyQnKiJyAX"",""$5.84"",""148"","""","""""
"Transfer Sheets,""1LFHzmrkzdKsrnronnhnrvmjVrDZAYf8ge"",""$1.61"",""149"","""","""""
"Soup - French Onion,""1FA5m2kBtWjzE43Mp4kZm7yCzT1kqLwFSt"",""$6.20"",""150"","""","""""
"Cookies Cereal Nut,""19FxtNBcQwkNGaEH7jU6NSiKCJiy2UCo9B"",""$2.36"",""151"","""","""""
"Bulgar,""1GRptzJZd5oVV8sjLArL4rbdpsytjRQ1K3"",""$4.72"",""152"","""","""""
"Pie Filling - Cherry,""1KEdnwfrKHHt14ht8XB1PhKXCihSNZSZop"",""$1.69"",""153"","""","""""
"Tray - 12in Rnd Blk,""19PaRQhCPAaMx87vLJEQohQWXn7NPX7c8q"",""$4.62"",""154"","""","""""
"Coffee Cup 8oz 5338cd,""1KMcbDhx9zXVp7iHbSNiStSMv6zECghKRZ"",""$7.36"",""155"","""","""""
"Milk - Buttermilk,""16GBNcT112eosdgK4f1KDk36h1GTkXxoiC"",""$4.98"",""156"","""","""""
"Flower - Dish Garden,""19HPxH3jRLLij1vUJAVR8ip6Zpdv5nGveo"",""$5.33"",""157"","""","""""
"Pastry - Cherry Danish - Mini,""1HzY48DmCPX5qtqfuMQ5shJ7w1EQJsxxPe"",""$0.74"",""158"","""","""""
"Cheese - Pont Couvert,""1ESfDEGyKqTG7oqvMh5ABKkHCwUjWDYW8W"",""$3.34"",""159"","""","""""
"Beets - Pickled,""1HsbZrL2QVz7ifGZmQH1detB6fCH2DVWZD"",""$6.36"",""160"","""","""""
"Duck - Breast,""1JQqK717NfvAtahAs9sVHdKNpZ9LUZTcfW"",""$8.93"",""161"","""","""""
"Eggplant Italian,""1JQT2rUA2wpiH8FabacHUWkEHRdZ14shk5"",""$5.31"",""162"","""","""""
"Chutney Sauce,""1Vegr1XqG6ET1wo5A2EgqY9hVF9cxytGV"",""$10.00"",""163"","""","""""
"Carbonated Water - Strawberry,""1vuiRsYZhaojhBG5yLn25ZPsTKcEWTGJk"",""$7.17"",""164"","""","""""
"Nut - Pine Nuts, Whole,""1CPnJAMACHGSJuqGuFuaU18PoXDA11hLFt"",""$3.43"",""165"","""","""""
"Potatoes - Mini Red,""143GTKaPFDXChjkRVmcU174Q2U5xhVinSb"",""$0.13"",""166"","""","""""
"Muffin - Banana Nut Individual,""1AfQBfAQYwdk3W49uo7FdYadsP7tH3fsXy"",""$3.93"",""167"","""","""""
"Chocolate - Dark Callets,""1E5HPCQPE8gzzwWBFHRnYyXYoepLnM1h6e"",""$2.17"",""168"","""","""""
"Chips - Assorted,""17DB8iZXuY4BnpjWMzuBjQL47vMLMgJC1A"",""$9.57"",""169"","""","""""
"Chickensplit Half,""1HpxSytSPGmBEz8QV9oeWiiMq4WevHKrRG"",""$4.30"",""170"","""","""""
"Island Oasis - Ice Cream Mix,""14KTD9455gCVirmku836qxdbcQPBA682fL"",""$9.10"",""171"","""","""""
"Wine - White, Pelee Island,""1NLXVk68EjVfeiB37DKSmns3hoXwk8yqxu"",""$0.46"",""172"","""","""""
"Juice - Mango,""1NomyfP5zW5LHU4u8n5ekG6DvM2hWE9Mde"",""$8.43"",""173"","""","""""
"Broom - Angled,""12sGw7j4HX1fzwPdg78HRoJNQB7tX5MhDF"",""$5.78"",""174"","""","""""
"Macaroons - Two Bite Choc,""1HGRvfNTUUvoXt3tYm151MjhrH95P4TrTh"",""$1.65"",""175"","""","""""
"Scallops - U - 10,""15m5Mv87vij45nEQ4BDHBVFTktfwC9Kcmf"",""$6.21"",""176"","""","""""
"Pasta - Penne Primavera, Single,""1NoxYnRzic6qXZRDCGvbcNcZKTk9FQPP6B"",""$5.13"",""177"","""","""""
"Bread - White Mini Epi,""1HaTLhWVSg8C5LwwZEf3ExcWw7L7uNxocN"",""$5.60"",""178"","""","""""
"Oyster - In Shell,""141Y9XFnTFsvzsFujNEAHdrLNFvbAYsszL"",""$8.54"",""179"","""","""""
"Peach - Fresh,""1Lr5UADN9xr6GFDAHHzgDTzugy2rJybexa"",""$4.96"",""180"","""","""""
"Bread - Crumbs, Bulk,""1DbVriudxs3grVAroVJb5r4JKGvLd1noha"",""$2.27"",""181"","""","""""
"Island Oasis - Pina Colada,""19usyFTvvtvigEuABkQS8v3Ge3F6sUQKp3"",""$0.25"",""182"","""","""""
"Tea - Herbal - 6 Asst,""1PNfa7fRRsnsPVWxyMY5Tg8UaZhUaTYpxQ"",""$4.18"",""183"","""","""""
"Scallops - In Shell,""1Bh9Gt5MDpaeQJHLzYUKQNCgXEMCg3JCwq"",""$2.52"",""184"","""","""""
"Cardamon Ground,""199rWFXzk8nomxsCMJKKt9dcqXciPm1GSX"",""$0.42"",""185"","""","""""
"Pork - Bacon, Double Smoked,""1JTCZqHVAkNgjjKQgaQjQRRwh7DPPvB1Xt"",""$4.02"",""186"","""","""""
"Garlic Powder,""1HQcGoNb16jhBq24pQw2VvdZzmoxnJ5bxb"",""$0.90"",""187"","""","""""
"Wine - Red, Pinot Noir, Chateau,""1QD5PcXF3u48CNCxtTiajFXBH7oRViGris"",""$9.46"",""188"","""","""""
"Yogurt - Strawberry, 175 Gr,""1EGQL4mqxXBz3fGQ6oXMX6tUw9RSR56WYs"",""$0.24"",""189"","""","""""
"Rum - Mount Gay Eclipes,""145V45BGYLMZiUoXNoYfF3A8h2qksz3T61"",""$5.28"",""190"","""","""""
"Wine - White, Ej,""1DCf5WoX58iPBi8186b2hwrafJozGWw2ih"",""$9.87"",""191"","""","""""
"Bread - Rye,""12RibrpDp74b6cKCkhxeSVV3ev62jaR14S"",""$0.81"",""192"","""","""""
"Vinegar - Cider,""15hAM13r7dy7B7Mzyn8WZtKbKAHYHDjzvM"",""$8.41"",""193"","""","""""
"Wine - Red, Metus Rose,""1G2gWqdemribmiX91RVWHmCaAn5FeX9Zqu"",""$9.88"",""194"","""","""""
"Container - Hngd Cll Blk 7x7x3,""1JL4qi26XpTcdwZzWKnLy8iXEvnkrniXmF"",""$0.07"",""195"","""","""""
"Sauce - Plum,""1DjJoFEyGskDJjHX19cJSgf1Jy4K6zpDyu"",""$1.28"",""196"","""","""""
"Beef - Montreal Smoked Brisket,""1JFoXD3FKMjYse6fUQ4RYEMhJYnK8yDH4C"",""$7.19"",""197"","""","""""
"Pepper - Black, Whole,""1CajDwKtPQmH46hiB9BXTa17kAvWpAr8Nc"",""$6.53"",""198"","""","""""
"Chocolate - Pistoles, Lactee, Milk,""16yF8nvqNgrxi8Jj68p9KbNPgsFFvM9et1"",""$6.64"",""199"","""","""""
"Appetizer - Veg Assortment,""1KsEKmtkwk8iXN3wgHVfF94i2U4vhmj2HJ"",""$7.52"",""200"","""","""""
"Kellogs Raisan Bran Bars,""1DQ9vZDhmTZtcoAMDYb7UtF3duuBPRZc2y"",""$9.78"",""201"","""","""""
"Sunflower Seed Raw,""124Lf4eNGBNy2xvBUBQW3ybJuWSkG6sNMZ"",""$2.81"",""202"","""","""""
"Pork - Liver,""15kXFvRugrtgAKrCZPUoLReS6MPc7a94LW"",""$6.16"",""203"","""","""""
"Numi - Assorted Teas,""18dkzZezWw2zQpVy3AHKwnBvrvJi6vC2qa"",""$0.86"",""204"","""","""""
"Pear - Packum,""1G9fuyf7hsC2HA83rcn9jtPYxsoazyH6hj"",""$3.62"",""205"","""","""""
"Stock - Chicken, White,""14WmXKHjSzAdiiYry3RNPAWYATs5RjZVBi"",""$6.88"",""206"","""","""""
"Vinegar - Red Wine,""1J9rH4JoorSnstWfwqXJcandfKLyscKmwM"",""$7.80"",""207"","""","""""
"Veal - Provimi Inside,""18VtdwKRapNQNyYAoZVXU3XAZ4VAiyNy3S"",""$3.79"",""208"","""","""""
"Water - San Pellegrino,""1NcsckacsKkJ9KqNuVHbQmsynJmQZL8CDr"",""$4.55"",""209"","""","""""
"Salt - Table,""12aXfSuuUjBVH6UevcyYWcTejdMXnuPb1N"",""$7.07"",""210"","""","""""
"Cheese - Parmesan Cubes,""1GHo1X2uiswAgvattdZ7jN3jKPsVLEV2yU"",""$8.07"",""211"","""","""""
"Turnip - White, Organic,""1Aivo3wYdj7H8j8pvhMZehvTXry29u6LHK"",""$8.58"",""212"","""","""""
"Gherkin,""1GFr6yhnBgMFBUCVPiU7BP93hm3Jfjr3Rg"",""$6.73"",""213"","""","""""
"Curry Powder Madras,""1EtRHWmmyLCptUoE3UCF91NoWp3mjZnrGF"",""$6.77"",""214"","""","""""
"Mushroom - Morels, Dry,""1DwbncknT47dVn19VQYyGZbtXeyAktPysA"",""$9.28"",""215"","""","""""
"Bar Special K,""1B5mBgEqLv521ugnXzvvBmfFhk3CuHvP4S"",""$2.05"",""216"","""","""""
"Jam - Raspberry,""1yGg2wUDzJgTBMJC7qNRnCjfHqa4RrV35"",""$6.73"",""217"","""","""""
"Wine - Duboeuf Beaujolais,""1ETxUEjs3RvErxGEREemMiQwmZog9aWftM"",""$5.84"",""218"","""","""""
"Bay Leaf Ground,""1MEEfqqFfwFSyR8ZjgBL4r7caHACD5QjmP"",""$2.69"",""219"","""","""""
"Skirt - 24 Foot,""1Ag9y3Hj3ZG9cFQH7Gu5G6Hbj9NjSwCbZ9"",""$3.05"",""220"","""","""""
"Wine - White, Riesling, Semi - Dry,""1BdGzU3ne58Wb13rVvSCbZq1S7Www8Yuqo"",""$7.89"",""221"","""","""""
"Relish,""1Dd1i7vYSmPYtBsz9RDcLQiwDr4NQxmeKi"",""$3.48"",""222"","""","""""
"Garlic - Peeled,""1NAEfNM2wxPp7YJRxJcrHUtzjAzsTt4NNm"",""$5.72"",""223"","""","""""
"Cloves - Whole,""1J5P1XWQK4x3Lth43yZETuBm59PhFRJKLN"",""$2.96"",""224"","""","""""
"Fib N9 - Prague Powder,""1kmCB4Aj7meUYXAswFPEbsWuqptDkEnRj"",""$2.73"",""225"","""","""""
"Pepper - Chipotle, Canned,""12q8Nv8uFGGipCZFiJEHgTHtBR3G7Gvh6K"",""$9.76"",""226"","""","""""
"Ocean Spray - Kiwi Strawberry,""1Ck9KYL3jyHhmEsj8RaLBWDohBz4oAZYMr"",""$7.87"",""227"","""","""""
"Sauce - Demi Glace,""1HEp5wpXm3SVqQxdqGE8cp7iD43Ka7LrxF"",""$4.21"",""228"","""","""""
"Dill Weed - Fresh,""1AEmM6AjhwnhuU7qvPEQnc9KUdrmY5bZNW"",""$5.52"",""229"","""","""""
"Yucca,""19KKcdgdzDZxz9b1wEFqpXPn5FCr6xQXsX"",""$8.77"",""230"","""","""""
"Graham Cracker Mix,""12pKycgpzSoUYiYqWCbf2y5pYpPa2soNNW"",""$6.27"",""231"","""","""""
"Squash - Butternut,""1J2Bara5DKrqEgZEfcJHSD9ReQJN6ZtbWJ"",""$2.17"",""232"","""","""""
"Beef - Prime Rib Aaa,""1FvjpBukEqSX7tAq418mq5ifnwGKj6shnz"",""$7.08"",""233"","""","""""
"Lemonade - Mandarin, 591 Ml,""1CaaLEp9UWfvsXdwBu9SnoRC9GyucqqC8R"",""$8.97"",""234"","""","""""
"Chip - Potato Dill Pickle,""1P5AcPZgmuusd22ZyS8ZmobH8Xzn56d6Eg"",""$5.98"",""235"","""","""""
"Liners - Baking Cups,""1JU57DZkSqb77rz6xqFW5oDpVxV2siqSTY"",""$1.78"",""236"","""","""""
"Shark - Loin,""13jXn3H9hqMNP61sCzaLPxeLRjuwx36w7U"",""$7.94"",""237"","""","""""
"Bread - Sour Batard,""1JKQ6Vi1aFTRT8mAVHWrHqLK2LSEeZVyW2"",""$1.21"",""238"","""","""""
"Dehydrated Kelp Kombo,""1KFrbwtK3VEeedKTFVzc2dAXBhSAmNdJod"",""$6.92"",""239"","""","""""
"Pork - Hock And Feet Attached,""139Aggx1ieERBnzNeVw9f2KrDuhHFfPAMz"",""$4.88"",""240"","""","""""
"Soup - Base Broth Chix,""1881mctpcmQHtcXv8vfXQcNAYEprZQ3eRS"",""$1.54"",""241"","""","""""
"Lamb - Shanks,""1Mgrz7Q5WURwydBtBPHU8mtHevyYJJ9r2k"",""$1.09"",""242"","""","""""
"Bonito Flakes - Toku Katsuo,""1HGZcTQReGj6s7PQywsCSxUAMz2yYFNXdG"",""$0.38"",""243"","""","""""
"Fond - Chocolate,""16jKVvjYbCYg2LpVuASKzp8hGGBDJwB1EV"",""$4.92"",""244"","""","""""
"Crackers - Trio,""1GQLAUL8a5PuuxxtWjnBp6opoq1z1tMNM7"",""$1.67"",""245"","""","""""
"Sloe Gin - Mcguinness,""1779irobngAd8cBUPMPgo8V1HB4SrwLbnr"",""$1.08"",""246"","""","""""
"Muffin - Banana Nut Individual,""18e1A9S7p8M9wAF5fLyCddFj3xdPn3xxdN"",""$4.29"",""247"","""","""""
"Flour - Masa De Harina Mexican,""1KSNENMz4FPuzcwUYk4xpLiTxqaGVmqtSM"",""$0.96"",""248"","""","""""
"Wine - Taylors Reserve,""15Q2A3iP7W1qcAsgjuaYh2m4QJe5dsS3Md"",""$4.85"",""249"","""","""""
"Thermometer Digital,""1FQHQMXnBPdRAVWUy6VwzWsgb53DCyHV99"",""$6.83"",""250"","""","""""
"Soupfoamcont12oz 112con,""1EyBjY2Hob1G9H6oFA5xXYFPj2MFMoX9CZ"",""$0.91"",""251"","""","""""
"Wine - White, Chardonnay,""12A6zhW2wMnsLkTcogp5ip2HxSxDvCsYpY"",""$1.01"",""252"","""","""""
"Juice - Orange 1.89l,""19MA4HnwV4En35bBAydBFWDFz5E4fc4C1A"",""$5.49"",""253"","""","""""
"Pumpkin,""1PwkGArgzjxgh63XHBuTf2eCVpnnwJXv6U"",""$6.34"",""254"","""","""""
"Schnappes - Peach, Walkers,""16eGENUYMARGM9cRtuGW4qCQnRUzjrMwfb"",""$3.11"",""255"","""","""""
"Ecolab - Hand Soap Form Antibac,""1922XXmoxxxon2sc5ze6UeVAHgMycimo6C"",""$7.33"",""256"","""","""""
"Pastry - Key Limepoppy Seed Tea,""1KdaV9f44Mt6r31bV3vgwdws73rpggkMs7"",""$6.21"",""257"","""","""""
"Extract - Vanilla,artificial,""1Jf3UEVPP3BHPLxyNMkBRb6222jdFsU1cb"",""$3.66"",""258"","""","""""
"Rice - Basmati,""1CNzZWGiySgaPSqwQjvm6Azhxn19hFkNaN"",""$2.23"",""259"","""","""""
"V8 Splash Strawberry Banana,""13seR6mFbBdga22jn94UeLA8VkCorgTNCS"",""$1.83"",""260"","""","""""
"Jameson - Irish Whiskey,""196QmKnqXUnN2LDyWFNLuBktY3bcNC1tpx"",""$8.15"",""261"","""","""""
"Pastry - Key Limepoppy Seed Tea,""12xF97WTP6Lw9j87ByyJibaxPsYfTsb7EX"",""$7.04"",""262"","""","""""
"Chicken Breast Halal,""1jMrDD7CHA7MEtobq8ndasPER1f6YpXT1"",""$9.59"",""263"","""","""""
"Wine - Chateau Timberlay,""1K4tZASKMcvou29jL4Z3JPGTefSdSB5nv5"",""$5.25"",""264"","""","""""
"Wiberg Super Cure,""1FrE8SX7rQuyzeKxhFCP96RT8WUwPxyU4r"",""$8.77"",""265"","""","""""
"Soup - Knorr, Chicken Noodle,""15sZVXR92V5KJVWtbt3f4i47eX7my67dP2"",""$8.81"",""266"","""","""""
"Nut - Cashews, Whole, Raw,""19S562yZEUsmMGQJZUjAQGVoFv5M97B8jp"",""$7.94"",""267"","""","""""
"Wine - Two Oceans Sauvignon,""18vKrCB4ePWUYPAkABzNhEJYH2sdpkTWBW"",""$7.96"",""268"","""","""""
"Corn - On The Cob,""1PVkW5rxv3m4cxWnjfbGtyjx1NWoJyhfBm"",""$7.46"",""269"","""","""""
"Beef - Short Loin,""18HYX7rfJFWrvMvLjhFHYbiqNdXaFrN95Z"",""$4.10"",""270"","""","""""
"Bay Leaf Fresh,""1DegePDPjtHPmcLALZowwNtaGWzD8YB5bD"",""$9.92"",""271"","""","""""
"Tea - Lemon Scented,""1NMSjFapdiBaY17yk5mepSF8bH6ozLTwsb"",""$3.56"",""272"","""","""""
"Wine - Peller Estates Late,""18aeAthM2gmE1aFAHj5Vp9gSRyAZjTVyjF"",""$5.55"",""273"","""","""""
"Beer - Alexander Kieths, Pale Ale,""12ML22ZUVHayZ8DwddGjemYxPSgzQWarxU"",""$7.30"",""274"","""","""""
"Juice - Grape, White,""1DiqeLvQArnSmDxX8215ctGs8BUusz1GNX"",""$1.52"",""275"","""","""""
"Pomegranates,""1FSArUL13SyxQn5Bnf1yX6EHuZK3HuiVdq"",""$5.60"",""276"","""","""""
"Radish,""1NQgWbWc9NJwSmgKw76577fUAtP29wiAXW"",""$6.29"",""277"","""","""""
"Toothpick Frilled,""14zu6RydKzNJzmUHCbpi411bVpHb74Brem"",""$0.16"",""278"","""","""""
"Cranberry Foccacia,""1P62cw7PcrYgX3PGXLrEeh1dX2arGZg8oZ"",""$2.05"",""279"","""","""""
"Cheese - Cheddar, Medium,""1LbHC1a222BGRkoFzrwRq7JS283mdfyf9f"",""$5.74"",""280"","""","""""
"Isomalt,""1BKFmoxjUY6jZGNvmjtsrX8rLRqaJtDTnw"",""$9.55"",""281"","""","""""
"Cinnamon - Ground,""12SU1LyrjSusGDmQZPpDqVdsAhYzxZuNpH"",""$1.93"",""282"","""","""""
"Wine - White, Pelee Island,""1AUgtAezK9diakfVL94MhjtMcFCmSe3qeD"",""$9.27"",""283"","""","""""
"Foam Cup 6 Oz,""1ELv9K5dR3MCBNJpKL4ND9X6fAEhLjXvv8"",""$5.30"",""284"","""","""""
"Lamb - Whole, Frozen,""1KAQ1XPpoR2f9tz6CQnJuY1ke9kv5A5xmE"",""$3.89"",""285"","""","""""
"Bread - French Stick,""1GBpUmmSLLgsQRfwJKTdwKaPDEBXqBc5Fp"",""$8.81"",""286"","""","""""
"Couscous,""1C4K6cWtitxacG5x4LryYeEB5ey5LcasRT"",""$7.92"",""287"","""","""""
"Syrup - Chocolate,""1N4DpPsSpvjy3FSQwmaKzLunUsSEgUvJ1f"",""$5.89"",""288"","""","""""
"Cookies Almond Hazelnut,""1Lkpr4MusggXLgTMfPfJaA4eDLYvchLSRw"",""$2.47"",""289"","""","""""
"Onions - Red Pearl,""1JyFgrvUusra7GkBWArVKmd1KVxfcZeyVw"",""$4.19"",""290"","""","""""
"Dasheen,""1Mv5UBddfMfqWUT7PnfTpdP1nBCrZGNiDa"",""$2.97"",""291"","""","""""
"Scampi Tail,""1Aok3T4zQgYEtU4jgGcJJJgUBWwLZBLeeW"",""$2.51"",""292"","""","""""
"Sauce - Caesar Dressing,""1GASwfCjFfWsvtT4o87td7kohhFi5n7qaa"",""$8.90"",""293"","""","""""
"Mayonnaise - Individual Pkg,""1ENYu8v9n6xvzgzhgWybdFVWfYj8QPGbuu"",""$6.16"",""294"","""","""""
"Cheese - Cheddarsliced,""19DEQRNqmuYqzGwMxQ6Jigge3NCu7gtEVc"",""$8.10"",""295"","""","""""
"Haggis,""1FULcbCH74pSZhBMaGzxsxcg6eMHXoMjP4"",""$8.50"",""296"","""","""""
"Wine - Pinot Noir Latour,""19v6afFisw74TFbyQGCd3JDsozTAD3gHBp"",""$3.36"",""297"","""","""""
"Wine - Guy Sage Touraine,""18wwaV7RvuzX1XYj3u4owbbDVWLbZoseBp"",""$0.17"",""298"","""","""""
"Crab - Dungeness, Whole, live,""1BaKSFjN1MorG79SPxkAHrtFsMCPgfCr7H"",""$6.14"",""299"","""","""""
"Sauce - Hollandaise,""1DCfrqZRebpAsszDWUVDFsRyDedovFsY7E"",""$9.57"",""300"","""","""""
"Extract - Lemon,""15GFapwLs9LAmuhXTbfi17qJXThEo6hj9b"",""$6.06"",""301"","""","""""
"Cheese Cloth No 60,""1Psf1x5DYe6E3zkaQSJMjdmYM4Vubui87o"",""$8.31"",""302"","""","""""
"Muffin - Mix - Mango Sour Cherry,""17eN3e9jcyXFG4sx6nrbcuW1qHjxdCJ3ze"",""$6.52"",""303"","""","""""
"Jam - Marmalade, Orange,""1NnLN6FpiXB2My6NnASBmhCkQSb5nxZy1B"",""$1.60"",""304"","""","""""
"Nantucket - 518ml,""1BmN9s2PguNKzvDqNGtt6zFEYECJR9quZz"",""$1.13"",""305"","""","""""
"Rice - Long Grain,""1BE92RrubpCsMHv6xPs4DhjX4EvdoZNJxn"",""$9.11"",""306"","""","""""
"Wine - Prem Select Charddonany,""1D2LPtWoVyxRLR2mQoEFvK8dh4XjbnyAB3"",""$8.76"",""307"","""","""""
"Tahini Paste,""1NWjHGvCfK2c6Z31kUqA8F6sPTBiscLU3r"",""$9.06"",""308"","""","""""
"Capicola - Hot,""1MECwpB1hvvrWxUQXN51NPnYgdMDfcxAfG"",""$0.60"",""309"","""","""""
"Tomato - Peeled Italian Canned,""1HBtHdkjLgy6fwv8XzroXumgRUEMKGEhJb"",""$3.55"",""310"","""","""""
"Jolt Cola - Red Eye,""1BLRjpycZpm68MUqCgBKdQRbbBXj67nHNj"",""$2.55"",""311"","""","""""
"Oyster - In Shell,""1AoP5YWzzb5oW7PTcPsQQHsmZGXsfzdyA8"",""$2.60"",""312"","""","""""
"Longos - Chicken Cordon Bleu,""1BhD9e8HY12QMay2VYvnmKPvqfxe9x6fwE"",""$4.31"",""313"","""","""""
"Wine - Chateauneuf Du Pape,""1HUCLVcaSPKoewmnGp61auRXUsTEovdEBw"",""$8.12"",""314"","""","""""
"Cheese - Comtomme,""1NtU8cSR7apMiiy6BKztkJcZ8Ej97ZoY6z"",""$8.82"",""315"","""","""""
"Extract - Lemon,""1ARNrJM89Y5q4Y2opB3BdDYw8czVr1dZrf"",""$4.68"",""316"","""","""""
"Venison - Liver,""1Lk7rrdEXeLbs8Quc3THbYSiHRjiLxhoEs"",""$9.23"",""317"","""","""""
"Steampan Lid,""12xzFb3ni5GmHXPBe8UVKY3xMBYaMcTyCc"",""$7.75"",""318"","""","""""
"Sauce - Thousand Island,""1HbQNcnMyxH2yATajjgfiKsQQR9YvStr8v"",""$0.85"",""319"","""","""""
"Syrup - Pancake,""1Q8Dv5z4UVe37bc74tZe8XgFV6C5iPa6a3"",""$2.78"",""320"","""","""""
"Beef - Roasted, Cooked,""1Fd1oSnA92Mi3Ymm6b2gxFrtrwRT7tDMpj"",""$1.82"",""321"","""","""""
"Nut - Macadamia,""141yugEGkWBP6ZiSCStyeGMZnDUV9Kfpy2"",""$3.80"",""322"","""","""""
"Coconut - Creamed, Pure,""19RwiLYKNQPmoWfbndjZ5LZJTxKvoDyL84"",""$3.99"",""323"","""","""""
"Carbonated Water - Peach,""12rc2frDAgiYbWEHX7CSAzk4nNZuAqkQJu"",""$8.38"",""324"","""","""""
"Lamb - Whole, Fresh,""1f3EHvTh9gdjFC7DqkXsEXNmpNQn2nAu9"",""$1.21"",""325"","""","""""
"Chocolate Liqueur - Godet White,""1CaWyNRo4T8HveTVhW7H1o2YeA5jfNrVxQ"",""$1.13"",""326"","""","""""
"Creme De Menth - White,""1BCn44afm9zrZQL7cy1qQabPeBjRK9NsHm"",""$5.14"",""327"","""","""""
"Sloe Gin - Mcguinness,""1GEkWRFr7gRbLhHXFdn4oF1AMBTh7KYMVL"",""$4.86"",""328"","""","""""
"Momiji Oroshi Chili Sauce,""16bCLnyzqVb6f1DuAY6ag3XgVnebpCK7i3"",""$1.49"",""329"","""","""""
"Scallops - 20/30,""19Ewm3GAwHh43SFwYeevG8LCp1YUMZX9mk"",""$8.17"",""330"","""","""""
"Wine - Prosecco Valdobiaddene,""1JNLNeUB64PNjiGRjimGWT4PKe8GYyFdU7"",""$5.59"",""331"","""","""""
"Dome Lid Clear P92008h,""1Fj2GGtjsiJtCAVT9V2bmTiz8yoSziSErr"",""$4.56"",""332"","""","""""
"Bar Mix - Lime,""1CKHBRyHniXsGt7iVxVAf6QD4RzsuPJvVv"",""$0.83"",""333"","""","""""
"Wine - Red, Pinot Noir, Chateau,""1LNdq83jKVPRuos5dSFmintjyRagxDNeqb"",""$1.49"",""334"","""","""""
"Apricots - Dried,""1Ao5kBRhzQtK7ZRZYwD5dWyCX8rye5kAss"",""$0.17"",""335"","""","""""
"Chips Potato Reg 43g,""1LCX7VdqZBsja1yPekKcgxfjbpfMb2jNpY"",""$4.04"",""336"","""","""""
"Shortbread - Cookie Crumbs,""16krUkxcnZioCSYRZXu5p9mBspLzpHYwce"",""$4.94"",""337"","""","""""
"Cranberries - Frozen,""16CrYQpdw5PWYoViPcAnqGcWak3YcEYepM"",""$9.47"",""338"","""","""""
"Miso Paste White,""1CocAgK5b2nTXZX18yWbHck4EmUEpCGUpj"",""$8.56"",""339"","""","""""
"Tea Leaves - Oolong,""15pDZWqsxf5Rbsi7ZNjijhWu3nVs3hWn8i"",""$8.33"",""340"","""","""""
"Anisette - Mcguiness,""1FgPUBQsr6FkeWgxbr2vjqfjgt5d6ncyfx"",""$5.78"",""341"","""","""""
"Shrimp - 16/20, Peeled Deviened,""14mbqQbaKipTEEiBdxAVKNyhKp5h2uUEnp"",""$3.26"",""342"","""","""""
"Five Alive Citrus,""1FHB6XF9WVTpyVD2VtS3Rd6uorDxjr7yAy"",""$8.64"",""343"","""","""""
"Oil - Shortening,liqud, Fry,""1Cu5z98udjRSVHnPW5Svwj8vLFpYFg4MKN"",""$2.30"",""344"","""","""""
"Coriander - Seed,""14ksmdfZ1aPYGs2hEV7NBnbFcq5MUkYqm6"",""$3.00"",""345"","""","""""
"Eel - Smoked,""19n2An3khHSi33qv94N1eZyPHzric7nXXC"",""$5.06"",""346"","""","""""
"Cookies - Amaretto,""12rtfuiFvm8GLqQf65voAha9ELG3ZM2hZD"",""$0.00"",""347"","""","""""
"Shrimp - Prawn,""1JzKM8neT5vr2wL5maFVosNL3YUSXKsacX"",""$9.57"",""348"","""","""""
"Cotton Wet Mop 16 Oz,""1Li8JvGvx4uzUKfYaCxJAhku3jgngAvczC"",""$8.98"",""349"","""","""""
"Soup - Campbells, Minestrone,""1H3Gv65WTaoh6vrfDs34H5tt26Tc2voncs"",""$9.30"",""350"","""","""""
"Cheese - Mix,""1QGf6ta7hAehkTdKjtYXLKuYDnm3TvJdd8"",""$3.05"",""351"","""","""""
"Oil - Olive Bertolli,""12iVESUxeisRt4u5zA6QGA8kspibbZtXMP"",""$0.72"",""352"","""","""""
"Sprouts - Alfalfa,""17iQH5T7wDuWWiVNEPwQtXbnpegkZXuqaq"",""$4.55"",""353"","""","""""
"Tuna - Fresh,""1aMcpB63hRVtyjQEtNJ9AT4e4wb4noH4V"",""$8.48"",""354"","""","""""
"Shiro Miso,""14LtddYZp7aeYN4WXUCDEX2AZamFWADXET"",""$1.50"",""355"","""","""""
"Sambuca - Ramazzotti,""1MqGnKHVy8XC5oKDC5Gv3rzpaGnaWPkVPn"",""$5.11"",""356"","""","""""
"Stock - Veal, Brown,""1F9v1Tpxt9Ae6P8FSfBb85jYxBzYRHcLz3"",""$0.39"",""357"","""","""""
"The Pop Shoppe - Black Cherry,""1J5bQV5SutQrAgpxTG2uQmZRmrUu16iB3D"",""$4.92"",""358"","""","""""
"Cheese - Marble,""1GGsf3QKYfmb1d7sRSHqfCENMSq3mG9ADx"",""$6.28"",""359"","""","""""
"Melon - Cantaloupe,""1EV4yhNs5NmhXLzZyNDAF7Gd4oqWQEjoph"",""$8.60"",""360"","""","""""
"Veal - Knuckle,""1HMdid7fGvQs3VUQY9vG7c3BDXJ9z2jnk3"",""$9.95"",""361"","""","""""
"Relish,""1GTRsfE2qNuThhF2ERtDkm15egQcNPYCAq"",""$7.89"",""362"","""","""""
"Cookies Oatmeal Raisin,""15ydB8ZpkaoW1Ne4sJEvZECZL6R4Y62yhF"",""$8.32"",""363"","""","""""
"Longos - Penne With Pesto,""16FLEgkZC7ZXMBCMcvz22KHExVJFnisfJv"",""$3.73"",""364"","""","""""
"Gatorade - Fruit Punch,""1VWJ1XADU5uLnY3yNvVykUGzGYoZ85SFX"",""$9.46"",""365"","""","""""
"Wine - White, Pelee Island,""14tYzRhRr8Sv6LjChy9DysGgb3baEftk7C"",""$1.02"",""366"","""","""""
"Appetizer - Seafood Assortment,""1K1CuYzhJYCgCYYHLrb48CyF7nQ5jSMqS6"",""$3.56"",""367"","""","""""
"Mushroom - Lg - Cello,""1CKx4AaeWctu1C7zvCpVFUWjUSnrUiJorj"",""$2.14"",""368"","""","""""
"Pork - Caul Fat,""1Bb7QVdhT7mY9CdhsuVgwoVszZTYPoUPKe"",""$2.94"",""369"","""","""""
"Vinegar - Balsamic, White,""1HR8rhXG8Eg56fthyayssrqQT5qoY7dHej"",""$4.25"",""370"","""","""""
"Pork - Suckling Pig,""1NDm6C5DxnZ2PT2v8n4fpwUKdE8SXoAV5M"",""$3.31"",""371"","""","""""
"Tea - Grapefruit Green Tea,""1QE1JdyU8R1SVhRLRPt7Pthe3rFX6cLAYN"",""$3.50"",""372"","""","""""
"Ecolab - Balanced Fusion,""13cvFgKRsom3awx1gEwCNkzzMkBHdXPzoE"",""$3.56"",""373"","""","""""
"Munchies Honey Sweet Trail Mix,""15RtUpJyK9tngrPedAFbufpkhcoQ6KCbGQ"",""$9.44"",""374"","""","""""
"Vodka - Hot, Lnferno,""1MHijXm6i4swK9hn9bPnwtbk3sepZxa7dt"",""$9.28"",""375"","""","""""
"Pear - Packum,""1Pn7VRmFQEWDK6mtG3Q55NALGRCCxBPuz2"",""$3.85"",""376"","""","""""
"Pears - Fiorelle,""1Nni3cXtZyvpvvU2CtxdSRXDSnZEWuesCH"",""$5.82"",""377"","""","""""
"Crab - Meat,""1Jx8RdwahoiR8HCMbhR4xTGAUhJm6AKabQ"",""$1.05"",""378"","""","""""
"Apples - Sliced / Wedge,""1M2BZR79U4EnWWER7epU5sFZ8CBEgkL7kp"",""$2.25"",""379"","""","""""
"Olive - Spread Tapenade,""1MotkqSrz4LrNHw3ZEP1VH5Qp3wP4JPi5H"",""$0.32"",""380"","""","""""
"Soup V8 Roasted Red Pepper,""1GbRCsnmHw9fqVXYdsz1m7nZc4MKFqkvUo"",""$6.49"",""381"","""","""""
"Longos - Penne With Pesto,""12dAAMF4Pa6xEBcgX1JzmGdvgFuVWtJG7x"",""$2.39"",""382"","""","""""
"Baking Powder,""1JFKk7VJgHS7zsqPvtswCscJmLrYhhxn8H"",""$7.61"",""383"","""","""""
"Hot Choc Vending,""1GXcYZyfQ5BVggbwF5vGJ54dpBwPcDdMqr"",""$8.47"",""384"","""","""""
"Cookies - Assorted,""14jqjaYJLAF5BcQpdRQo98ajbZbDtTXZCS"",""$3.72"",""385"","""","""""
"Pastry - Cheese Baked Scones,""1NqmnXocxsjaBnaHgqmVL3VqVGwzmBbtXk"",""$6.15"",""386"","""","""""
"Wine - Ice Wine,""17yFzonZbRpQSLvFoRNFrSDUHP7RRhYa4r"",""$2.66"",""387"","""","""""
"Beer - Mcauslan Apricot,""1JQiBvy7vLXL96WT6kUr75dVV3zhpxSBN2"",""$6.36"",""388"","""","""""
"Tart Shells - Savory, 3,""1LzAL8ZdjmCLk5eH39tUhos8AfKR5jgKqk"",""$2.41"",""389"","""","""""
"Wine - Zonnebloem Pinotage,""1Ag9fddLuLL2uawVjNP4NJ5vQotBLpFakg"",""$0.56"",""390"","""","""""
"Pork - Ham, Virginia,""18mn4Rj7cFPDXSr2fcgvv5G5YKidP7FLfi"",""$1.91"",""391"","""","""""
"Veal - Kidney,""1DxY2XJY5YDUgdQ2zRT4y8j6rPbmQJ2fNu"",""$4.46"",""392"","""","""""
"Wine - Muscadet Sur Lie,""1CVCpiAfu7PiDdFRyYCLyKkJ4wGs3A9SeS"",""$8.95"",""393"","""","""""
"Mushroom - King Eryingii,""1EBCW8m5UZSwTgRJhqrus7Gs9KnHPtfGYP"",""$2.43"",""394"","""","""""
"Onions - Cooking,""1NtUPZ2aQdGTxJKF698Kr2gmcqhyNW1ity"",""$0.84"",""395"","""","""""
"Bread - Hot Dog Buns,""1Kw819prse4MgJ8mcK6ryTASre3wWvPE9G"",""$7.26"",""396"","""","""""
"Cocoa Butter,""1CSuhLPgHRqmQquWKmJF2C41YYk9ZNcJ8o"",""$8.39"",""397"","""","""""
"Lettuce - Arugula,""1NZTk6aztDxedPT4NE22Fqa6aLy2tvnmZw"",""$8.44"",""398"","""","""""
"Bread - Triangle White,""1BvXJmsKQZmQu8PXrPmK29KSsgzkxpqJ7D"",""$7.45"",""399"","""","""""
"French Kiss Vanilla,""1Eker5DrpdN33URYH4w2DrsMUtvFAtDY5E"",""$2.34"",""400"","""","""""
"Wine - Vidal Icewine Magnotta,""13AdkVcEb2RsgNNA6KFqa9v447cbM2NEuy"",""$3.51"",""401"","""","""""
"Bread - Italian Corn Meal Poly,""1FBavGcAFucokz6MDi5E8rAWYdSLejBEEd"",""$5.83"",""402"","""","""""
"Samosa - Veg,""1HDPfHu3nTKTmr9178Hbrj68dMWCkX154k"",""$5.68"",""403"","""","""""
"Red Snapper - Fresh, Whole,""19BdoC42RjAjAnfkUQVJ9xjqTSERmKR5Pp"",""$9.59"",""404"","""","""""
"Pork - Smoked Back Bacon,""1Dfw2i6xd3sSccMRJv7GsSb3MnhjrbYQ5C"",""$6.24"",""405"","""","""""
"Flower - Commercial Spider,""15R76pp5FxQWdBfEa1sApNtAoGBpCU2bag"",""$2.74"",""406"","""","""""
"Lid Coffee Cup 8oz Blk,""1DuBKab9vmBTEJe1bUe5JZD4QyjNggTTMC"",""$3.00"",""407"","""","""""
"Butter Ripple - Phillips,""14N6HF8aMB5Y5Jhh416SU5FTnrXKWWPP1N"",""$6.00"",""408"","""","""""
"Wine - Red, Colio Cabernet,""1GwyUaqwtRLSig2gxKNqmpf4QuheACyhSE"",""$0.03"",""409"","""","""""
"Beef - Striploin,""1KmtW4WFEQG5qf3baETBBo8kkTkhgcRJFx"",""$1.03"",""410"","""","""""
"Island Oasis - Pina Colada,""1GhnUFVz6Jw6DyRVKV6oHuxS3wB7XpF5Md"",""$4.57"",""411"","""","""""
"Pastry - Apple Muffins - Mini,""1TC25mKxWvS5BybMiVR8fSAqgz1Dn5ZwL"",""$4.08"",""412"","""","""""
"Puff Pastry - Sheets,""1Drb8XyxTHpazc9khWSFhVHYtgsnyZqAxe"",""$8.90"",""413"","""","""""
"Canadian Emmenthal,""13fDkvMPv3njE8VVAoKqoKsHGgxrKdTJy5"",""$7.21"",""414"","""","""""
"Zucchini - Mini, Green,""172RQtxCKPupvW8NBzBgX1S7xcXr7zL5Zk"",""$4.45"",""415"","""","""""
"Carbonated Water - Peach,""18tZjhS779Mr4wm5sRQYtcpPWnFXvfebHs"",""$3.54"",""416"","""","""""
"Vermouth - Sweet, Cinzano,""1Ccd8Fm747gZ77zWiX3Ax7YpwoD2VZsSTd"",""$8.31"",""417"","""","""""
"Dates,""1CJhQV2SvJZ1pwdVxCWR5C7eR11UMnEoZj"",""$5.91"",""418"","""","""""
"Bread - Bagels, Plain,""18u6NW5Pr8EWQmAmQqvDdd7oeR8CCDgMEJ"",""$1.09"",""419"","""","""""
"French Pastry - Mini Chocolate,""1GR55hdsnRuEX4ik266Q4VhigqHMmYaHWj"",""$2.56"",""420"","""","""""
"Cookies - Englishbay Oatmeal,""1PGsRwtqv4rFHEShN9Rm4LNx5WCKni1sEs"",""$5.74"",""421"","""","""""
"Food Colouring - Orange,""1Q7SBy5amE1W95cZ3c8BrxfhvEc4jUpyje"",""$8.47"",""422"","""","""""
"Mushroom - Trumpet, Dry,""1DXC8RA7S2GzcydRVD1KAsVRhmfNKURooT"",""$1.26"",""423"","""","""""
"Shrimp - 31/40,""1GFavXbJoVTcSVKnqX9bGjDQit2ryCSEnw"",""$6.48"",""424"","""","""""
"Cheese - Mozzarella,""1KJ22NaM7xDB2S8jPbTJdY4diFoqYddkmK"",""$8.65"",""425"","""","""""
"Bagelers - Cinn / Brown,""16Mpq4N7EMkEPiiSNkswHirk6a15cYL6pZ"",""$5.77"",""426"","""","""""
"Squid Ink,""1FK7R5xdyMGKCYdJRaL1UVc1zwwZp2kW3s"",""$9.28"",""427"","""","""""
"Mushroom - Lg - Cello,""1EVxJoAwFKhYAse2XtYxUh4o7y4rXC8mpg"",""$6.10"",""428"","""","""""
"Wine - Sogrape Mateus Rose,""184g142ezqj34E4GyZZFhPxb7kvKE3DcV1"",""$7.65"",""429"","""","""""
"Goulash Seasoning,""1NmQ5FxLThEPpQmBpZowZ1N2LpjxJk6Uuw"",""$6.69"",""430"","""","""""
"Flavouring Vanilla Artificial,""13m7fgnzZccCX8gtiMCXfDi66n1PmuvesK"",""$4.77"",""431"","""","""""
"Pasta - Fett Alfredo, Single Serve,""1G3o2sBQ4hHzubPoEiE89u8paQZGsnrEW"",""$9.68"",""432"","""","""""
"Prunes - Pitted,""125J3a91A6xXR2YsUeKh4Xo2JZoVQNFw7c"",""$8.71"",""433"","""","""""
"Tequila - Sauza Silver,""15WVwZGwGTQuBRQwo1BarLMmBrqshjWF9A"",""$7.21"",""434"","""","""""
"Hipnotiq Liquor,""12Vy8Kinj6iioEoiR3X2jbQ6PtAZX9ddaL"",""$1.04"",""435"","""","""""
"Mikes Hard Lemonade,""15z4rRZ66Den1tXNAQW8hC2RWbzEAFcosB"",""$7.85"",""436"","""","""""
"Wine - Red Oakridge Merlot,""17cF66coNkZ3NHzdyo7EYniEsMjecWedM"",""$8.23"",""437"","""","""""
"Miso Paste White,""1Mx1h5cPubfmvRTHLfgxFqdzf6VrvzURVn"",""$2.53"",""438"","""","""""
"Compound - Rum,""1As1AA5A9bR7tXn6vXY91qzUafNqK9GE55"",""$3.01"",""439"","""","""""
"Gelatine Powder,""1AmgBojta9xuiN2y6WTUHcyGVW99AypnKR"",""$5.27"",""440"","""","""""
"Filling - Mince Meat,""1LjpWjxfTU91htGtGbUndi1zYbMi2p51KG"",""$1.76"",""441"","""","""""
"Langers - Cranberry Cocktail,""17ZhXEbeW1ziUMfQKYsssvgVUsTH4DJqSg"",""$9.19"",""442"","""","""""
"Vinegar - Sherry,""1EpPSLZRMycDteoj5dzbkKn9WH19vy2ykF"",""$3.24"",""443"","""","""""
"Flour - Masa De Harina Mexican,""1FmYbqgeTfDEsfLmz9wAUS4X9JektjMmaG"",""$4.37"",""444"","""","""""
"Wine - Magnotta - Pinot Gris Sr,""15XcGwkzQ3t9KwADx2N6cgzrm7f1rd6fJQ"",""$8.89"",""445"","""","""""
"Gherkin,""1KxWLftFYWDwEogE69D6WrerbsPbYSTBmy"",""$8.17"",""446"","""","""""
"Island Oasis - Mango Daiquiri,""15jp4kgFeypDTf7iT2xX2pTYYtwyPLzJ6p"",""$3.03"",""447"","""","""""
"Cloves - Ground,""13q3FGdZKbSkJG9DVbMPjVfFtjcjsjtRaq"",""$2.77"",""448"","""","""""
"Foil - Round Foil,""1BvyhQHZ3nxe1FS4gWtHrEXHPgUkSPf7fH"",""$6.47"",""449"","""","""""
"Mayonnaise - Individual Pkg,""1DMufV8S7shPDNyHCtBdov644dtxVxcq83"",""$1.62"",""450"","""","""""
"Chestnuts - Whole,canned,""1FjTwJn4s6mMNgWcbvwNBGYHfzcPkfEgQS"",""$0.75"",""451"","""","""""
"Ice Cream Bar - Oreo Cone,""17thBdp9a1nmVeeykvCKMAdcgUyyUJRxjn"",""$8.48"",""452"","""","""""
"Wine - White, Antinore Orvieto,""18MnhRLx18dXkRMoVSHK96LkY7SaYE3dtR"",""$5.06"",""453"","""","""""
"Sauce Tomato Pouch,""1HriTWWDSREajKLnJg8nPW3CRk6xjMMpSC"",""$3.41"",""454"","""","""""
"Silicone Parch. 16.3x24.3,""1PsKeFsyQ9bw3vG5tdq9ccGAfNBCDQ79A5"",""$5.41"",""455"","""","""""
"Pork - Sausage Casing,""1BiLLvseowWeVh3hAqTZRx52qiSyXdPXc7"",""$2.44"",""456"","""","""""
"Flour - Cake,""17yF8yBp9VQkZYrB5TqQf8WadAnL7Lj4YJ"",""$0.81"",""457"","""","""""
"Shrimp - 21/25, Peel And Deviened,""19r3TjazVdbn92dN5GzHwKio3eVC6icCGH"",""$0.57"",""458"","""","""""
"Squid Ink,""1HuEYcGug1octoHgVpe49Z9SG2XPVrmjNh"",""$7.78"",""459"","""","""""
"Lychee,""15p5FaTQvcU3gBnysTMvKMovtFZsoYZLZP"",""$5.14"",""460"","""","""""
"Prunes - Pitted,""1HjNVFEART1qqMQkANWztWt5dUhjKMU5zQ"",""$1.72"",""461"","""","""""
"Coffee - Almond Amaretto,""1BgvNNhRLkBvkDGH35mqsLmXSfJ6STWSvB"",""$7.85"",""462"","""","""""
"Bread - Multigrain Oval,""1A3Db37Nd3AbETL5zqPCyQWpwarMbkBH1i"",""$4.06"",""463"","""","""""
"Glass Clear 8 Oz,""1Vzyea1G7uPDZg4sJSUMw9d4a9pyhXJka"",""$8.91"",""464"","""","""""
"Bread - Mini Hamburger Bun,""1N2Mcj7kwvBNNe9PfYMMYFDhYx5dR2mfYL"",""$5.96"",""465"","""","""""
"Nantucket - 518ml,""1F7RY42Zd18ZjA28Hi5AaHm9Q7ivEvpyde"",""$7.90"",""466"","""","""""
"Turkey - Whole, Fresh,""14qMYTNCnDU15jezWHg7PAi7xEWADaEsFH"",""$4.27"",""467"","""","""""
"Rice - Long Grain,""1Q4HizDFoShneLKMLd8iEYAWBQqBcGKvBz"",""$7.81"",""468"","""","""""
"Flour Pastry Super Fine,""1PQhxMaJnZ8KRmG2xSFkosebmW1vzz3imv"",""$5.73"",""469"","""","""""
"Apricots - Halves,""12PUZ36217UP65wux1SbqGEsUuP8QryRZx"",""$6.68"",""470"","""","""""
"Quail - Jumbo Boneless,""1MmA3hLKX5RBff6E1XpDCkinLWxRwiKr5G"",""$7.03"",""471"","""","""""
"Pimento - Canned,""1CmDweP4XMF2qA9Nbiu9WxQGcfn6kfbneT"",""$1.54"",""472"","""","""""
"Ecolab - Hand Soap Form Antibac,""1Maq6Tc4L9wyFoHciBP4qc9sK4ekuRcFhB"",""$6.25"",""473"","""","""""
"Syrup - Monin - Passion Fruit,""1GKf35XYYdR44AC7LS22uUtGmZfGaJ3sSo"",""$2.07"",""474"","""","""""
"Garbag Bags - Black,""15GgToLzsqyFdXVc18Y3VFHBbSAm6X6noU"",""$8.95"",""475"","""","""""
"Sesame Seed Black,""19jHSHhnrcPFwgYg1F44tBHEwynW2nTgxT"",""$6.43"",""476"","""","""""
"Pastry - Butterscotch Baked,""112xiQB56qHkeppVBTcukiUXv8wSU8E1Kx"",""$7.20"",""477"","""","""""
"Beef - Diced,""1L1VXFFtFExfrnQ8MZoRXsEDKKH5r5Dkba"",""$5.06"",""478"","""","""""
"Tuna - Canned, Flaked, Light,""1N5G1m4eL3c4tyYLJkF7wanV5TmR6Rez8a"",""$1.83"",""479"","""","""""
"Sole - Dover, Whole, Fresh,""14BvHv38RJ6CwdBPmqVQ5JEyqqCMQP8te6"",""$5.65"",""480"","""","""""
"Wine - Prem Select Charddonany,""1EYiZcagTwMHyCcjjCExyZuWHwoLFUuvZo"",""$2.62"",""481"","""","""""
"Olives - Nicoise,""1HDxyNeZxdagy5UubqpvhGS99MWdSRwGzL"",""$2.38"",""482"","""","""""
"Salmon - Atlantic, No Skin,""1Mu16HWAX7dQ4Vx54TKL8jyt9d9584a5eH"",""$0.35"",""483"","""","""""
"Asparagus - Mexican,""1NzP1wc1EcwB7iLud6nbt7dLNugDZ5Mbve"",""$9.40"",""484"","""","""""
"Mousse - Mango,""1M8R6oiQyn84F2AZFudPbAAGkjJrxga73U"",""$9.34"",""485"","""","""""
"Longos - Cheese Tortellini,""16SWUqgN3LTZcw54Q4K5RbtA8FqwdDVKy9"",""$4.93"",""486"","""","""""
"Tea - Grapefruit Green Tea,""1BQY1ckvJNrHfod4QuCnSQPBtLRp3xLn84"",""$1.88"",""487"","""","""""
"Crab - Soft Shell,""1KUrUKYZFFc8iNjnZzswmkP3xDCCEmHJuv"",""$9.14"",""488"","""","""""
"Raisin - Golden,""14hFBuLAxgaUa4UdU6Xcj55eb97kKFqaaA"",""$2.35"",""489"","""","""""
"Cheese - Pied De Vents,""14VaUCsABuNPhdwVosAMp9SbtD8jxFy4e3"",""$1.08"",""490"","""","""""
"Wine - Cava Aria Estate Brut,""12KvcFKB3n7xn2Sfx2uwc1YTVPrvhtr9Tc"",""$1.02"",""491"","""","""""
"Orange Roughy 6/8 Oz,""1Ljvt56zksbJC4GoWs1ZVRVPzQdH8EaZGK"",""$4.67"",""492"","""","""""
"Pasta - Fett Alfredo, Single Serve,""1865YPKnQVASo7PPnLfAEF8Pgtua3zD4B5"",""$0.70"",""493"","""","""""
"Jam - Strawberry, 20 Ml Jar,""1NVidSVLC2hBJGeQSd6ghXZVWpdqsYNejH"",""$0.85"",""494"","""","""""
"Wine - Tio Pepe Sherry Fino,""1MX9utCNZRSL9bj4FNmvUi5S5wA1DAAU7i"",""$1.34"",""495"","""","""""
"Hipnotiq Liquor,""16zpehUmhTe467GttWqL8SqcAv1UEJpXdB"",""$4.77"",""496"","""","""""
"Bay Leaf Ground,""1doaar4Dv4N86Metkx7CYUC5QVmsiJJ2N"",""$2.07"",""497"","""","""""
"Wine - Black Tower Qr,""165rUHMFUf7LAw616f5M3FkwTmmFeQVXRw"",""$9.71"",""498"","""","""""
"Chocolate Bar - Smarties,""1CZvrfsp9AvQVZAoodE6MAq18HEDbdXTAx"",""$4.68"",""499"","""","""""
"Food Colouring - Pink,""1LztMcn63qnhLwzVx46efA3MnLko7d5SvQ"",""$2.08"",""500"","""","""""
"Beets - Candy Cane, Organic,""13viUVzLRpeAK8qkbNM8eqXy5qVgwzVC5s"",""$9.42"",""501"","""","""""
"Turnip - White,""1PUHPSvWmR2F3AvXDwQTJZ1pqaqvBTRRBf"",""$1.58"",""502"","""","""""
"Lettuce - Sea / Sea Asparagus,""1NR3UU4sZwM2oNQjyp8AXixDviUsoaTNmw"",""$8.52"",""503"","""","""""
"Salt And Pepper Mix - Black,""1B8NFCkdSidtY6tGcPR5WofLcbjT6iZ5gd"",""$5.01"",""504"","""","""""
"Beans - Turtle, Black, Dry,""1LqqijC2M9nsaP4y5U7KLT5KcYrHAEoQ5b"",""$0.70"",""505"","""","""""
"Pickle - Dill,""14ShCTVpRjc4KuNMetQkpYMWvhEnBEqcnJ"",""$9.36"",""506"","""","""""
"Fruit Mix - Light,""1Fov4fr3MbVaR5nWxHkXdrzHB63WGs5dMi"",""$9.82"",""507"","""","""""
"Bread Fig And Almond,""1NpH5dX6RhheWupwfXKunG8yicC7f7F2xN"",""$2.62"",""508"","""","""""
"Anchovy In Oil,""1FuVm9iNLo9TvU5xgJ3SRP4h3c671ivHsp"",""$4.21"",""509"","""","""""
"Mushrooms - Honey,""1B4zcgTegNjxxqMBGf9pQRWT2VrAWSsZbs"",""$2.00"",""510"","""","""""
"Haggis,""1f9R5L5jd9BnQQLvWQJzWr7jdUAcRk429"",""$2.96"",""511"","""","""""
"Pasta - Agnolotti - Butternut,""14o7C97CWiA6VewMsjtTLRoq3EbuCqnkqN"",""$9.25"",""512"","""","""""
"Nantucket - Kiwi Berry Cktl.,""1GkKpwNXefW7WbfooNmdb8SYCfrC8AYkxo"",""$3.90"",""513"","""","""""
"Cheese - Havarti, Salsa,""1KjbPK6FM4EyaS1hceTe3QucYyMs863HX"",""$7.07"",""514"","""","""""
"Veal - Heart,""1xRxedy7accEqnQGKwEsKHj8mo2SBQ1JZ"",""$5.41"",""515"","""","""""
"Rice - Jasmine Sented,""1PtBgpqyPx4p6KUb9kjU2WFT7PGTUBCu8V"",""$7.10"",""516"","""","""""
"Table Cloth 90x90 Colour,""1CEMVeLFxqnFShrEsmkmD7WpC4kQDDB9WD"",""$9.67"",""517"","""","""""
"Nantucket Pine Orangebanana,""1J5CrcNjVkB26M8u2qHTF6KfvG8JxEj86x"",""$7.85"",""518"","""","""""
"Potatoes - Peeled,""12xuprQBvBJd2aGd9UN6weZHnF832Mi2J5"",""$8.39"",""519"","""","""""
"Cut Wakame - Hanawakaba,""1FoK1EfBzgJUQ9SQ9xVXw2QudmY6aqMqjA"",""$9.02"",""520"","""","""""
"Ham Black Forest,""1nkejvm1Cc7KWmXmg4hrUtJtciN9DRMWE"",""$1.08"",""521"","""","""""
"Ham Black Forest,""1L1zs5dvaivH4Qw5i8ZqqKM7sn5nSX4RJz"",""$3.56"",""522"","""","""""
"Wine - Pinot Noir Pond Haddock,""18idE65mMrbGAcMeCubbbVaPtgGZsV7kxM"",""$9.24"",""523"","""","""""
"Wine - Ej Gallo Sierra Valley,""1hivJVjgb1AsB2UkyPJ6y9EvKtUzv4HV9"",""$9.62"",""524"","""","""""
"Foam Espresso Cup Plain White,""1NZEHLEpBtPznYAwLQvfSmPx19HyVJSrB6"",""$1.76"",""525"","""","""""
"Cream - 18%,""1PpjDPufBh46r1FKzrLHSNKYJHqAZYhYaj"",""$2.83"",""526"","""","""""
"Beer - Camerons Cream Ale,""13CJYXSxRkhezCQzNCRb51fo3KcsvMyF1x"",""$1.44"",""527"","""","""""
"Lid Tray - 12in Dome,""1Mn1G82fG7eBX5yFUMEJVT1Du66dB7mKLF"",""$5.21"",""528"","""","""""
"Trueblue - Blueberry,""14V8uV6187PGysKL7Yt1q5giYHiVCjYoQv"",""$8.68"",""529"","""","""""
"Cheese - Oka,""14a8BMcNooTawQh1Fe5fuGeDjRxQ8SJdWT"",""$1.79"",""530"","""","""""
"Juice - Clamato, 341 Ml,""1HLuoQS9bKu9J7PQfxeJ5czi88Xps5JAt6"",""$3.63"",""531"","""","""""
"Jam - Apricot,""14yM5Ro9375XUCkdbD1BpghX9qBQBrzWJm"",""$5.85"",""532"","""","""""
"Coffee - Egg Nog Capuccino,""1CkgdSvumPuBrx8pV4aG5Vd73jam6GKZrw"",""$7.98"",""533"","""","""""
"Puree - Raspberry,""12TH2dHqqcdRBmfeRgpS9LXz8UUTEqKGYE"",""$8.52"",""534"","""","""""
"Veal - Inside Round / Top, Lean,""1JPDZPh1ES3FBK7cXoWeaRN8K1pnQfxwax"",""$1.66"",""535"","""","""""
"Onions - Cooking,""1HRYfrrNtZL4zZTV67UvGiq8ffxVS4buF2"",""$6.75"",""536"","""","""""
"Calvados - Boulard,""1Au4tmecejguHA2uxQMvSBCVXmVFgvsgtQ"",""$6.37"",""537"","""","""""
"Ecolab - Orange Frc, Cleaner,""1WD1ZgWQ8RErfH4NWDqLHvUoCTFbSTMAA"",""$7.61"",""538"","""","""""
"Nut - Macadamia,""19XR7ANSM1RpixLg2ZFPVAooeRANSnXDrX"",""$5.92"",""539"","""","""""
"Island Oasis - Mango Daiquiri,""199G8FU1wf8NkghuSTF8myRt6BkS5hNiam"",""$5.52"",""540"","""","""""
"Soup - Campbells,""1CsKKkRn6Es1Eny6gwk3fZYBnAJZpkozSb"",""$1.07"",""541"","""","""""
"Bag - Bread, White, Plain,""1PbpA5hTwpbWkkMGoaJGpxanRrFj4fMyRF"",""$0.13"",""542"","""","""""
"Lamb - Shanks,""17FYMcdDZAfF8suhoVx9jeLdGPEKqfcaNm"",""$2.10"",""543"","""","""""
"Beer - Camerons Auburn,""1y2g36TrYoC4HVhuDr9jnQo6zw9sdVCmh"",""$3.63"",""544"","""","""""
"Curry Powder Madras,""14FqFyuYhPswjx84Z7U5XzxmzmLi6xYoaZ"",""$9.43"",""545"","""","""""
"Tomatoes - Plum, Canned,""1JGYCaoUbpB9iCm4koxRP5PhLyMDKQzoUE"",""$9.81"",""546"","""","""""
"Bread - Roll, Italian,""13xrPhJp3zFrYC8pCUz7oBiaxrqpV3aQWK"",""$8.24"",""547"","""","""""
"Cheese - Perron Cheddar,""1nobsaePjEQXjZQuKuC5ZTiApeydsJSfa"",""$0.51"",""548"","""","""""
"Langers - Ruby Red Grapfruit,""1NpjwLZ4kxVnyseysXK6CDcE546g8bfDZ6"",""$9.13"",""549"","""","""""
"Nantucket Apple Juice,""1C3e5CDSbse3XpSDkxYYa6bA6GECrBG1Ex"",""$9.60"",""550"","""","""""
"Nantucket Orange Juice,""1N9XF2PFKPJndQjb66uA1MtFNNYnj9uwyH"",""$4.11"",""551"","""","""""
"Wine - Chateau Aqueria Tavel,""18EmAeSM9yLNm7adNkJrgsbGWwF1KyN3Ma"",""$1.09"",""552"","""","""""
"Schnappes - Peach, Walkers,""1PdHCTui1QD2BBQm9wibMs2HZowFW4Jdrc"",""$8.38"",""553"","""","""""
"Rappini - Andy Boy,""13oqCpGxj98bcxpeSufTgj64Uxu34U57Rr"",""$9.98"",""554"","""","""""
"Pepper - Chipotle, Canned,""19Eg6JBJAfHDDuCHdv1X3g5DFag8sQVavH"",""$2.99"",""555"","""","""""
"Wine - Sauvignon Blanc Oyster,""18XGsKaUr1sLzGY14d4awzPpWiyEczrRs1"",""$1.32"",""556"","""","""""
"Numi - Assorted Teas,""16h2iQWFK1tWQxBaWUB8J7YhP6nso3sL6c"",""$2.54"",""557"","""","""""
"Soupcontfoam16oz 116con,""168EdCDkqo4oL9F8Ry35nhDeS5riCjAtWc"",""$9.51"",""558"","""","""""
"Lychee,""139AnFgwWrFAQcCTnehZrDNZmq3M1gdng9"",""$8.53"",""559"","""","""""
"Cucumber - English,""18XP5zLE88D1toBCbqRFpRpjH6sh5fbsiQ"",""$6.11"",""560"","""","""""
"Carrots - Mini, Stem On,""19W2TJhkyYQ1Sazb4uh4voqoA8mjvyzB2V"",""$0.62"",""561"","""","""""
"Brandy Apricot,""1AkAEhYwGWmq1x69y9SnGaWDYPUzmRPPHN"",""$3.67"",""562"","""","""""
"Wine - Fume Blanc Fetzer,""137KgCM335pNda2a9AjioDwAxjGmu3QL1o"",""$4.60"",""563"","""","""""
"Beets - Candy Cane, Organic,""14mXwKv24vWUdTPT1zsTbEUbR4s6GejEih"",""$3.22"",""564"","""","""""
"Wine - Baron De Rothschild,""1JqXptvozCRiRktWxwJWGCCi6L7Sa6WD4o"",""$3.86"",""565"","""","""""
"Bread Bowl Plain,""1t9hg6ywqaTNfSBsq7c5c1BMhPDG1F9LA"",""$8.59"",""566"","""","""""
"Cardamon Seed / Pod,""14Vfjq6wh4zNV9C1tkuznFGAb5kCzMwDVC"",""$6.55"",""567"","""","""""
"Sauce - Chili,""16RHTqi2qZXb4hAzVX3H3X91SiyWfbJjdp"",""$1.31"",""568"","""","""""
"Steam Pan - Half Size Deep,""1B8zWcEprxUeYUqW2Eh5u6WYrnDdQ3SbuX"",""$9.56"",""569"","""","""""
"Tarragon - Fresh,""1GiH3ZxZUCkV4NFQ3XiRdZApmKme53mMo7"",""$8.89"",""570"","""","""""
"Swiss Chard,""1HYB8XMXGnUL6HMYUP6vj1PNz6ZjwVfhZG"",""$9.54"",""571"","""","""""
"Sage - Rubbed,""16NvwhAKUFNoX58sXjNgE1g4KSwhNWRCe5"",""$7.20"",""572"","""","""""
"Mix Pina Colada,""13h71GjowK46m3WjABAhectM5cbbjGcQSG"",""$9.91"",""573"","""","""""
"Cheese - Parmesan Cubes,""1NLtRtuZPnM56LNsy6MAeRDYRuinCkkEqy"",""$1.34"",""574"","""","""""
"Transfer Sheets,""18NW5Noy72RA2ND3EqQ6YyUhndGZ8zPJd7"",""$5.80"",""575"","""","""""
"Wine - Rubyport,""19fAG7tadEZihgfUMN3YvYax9W2j1Puwyt"",""$9.84"",""576"","""","""""
"Coffee Cup 16oz Foam,""1GeAQ7mt71eC3ZM8Jy7UioEGfXEXTcuC1x"",""$1.22"",""577"","""","""""
"Beef - Shank,""1JF6c4GnTv2vJrE481qde7Cm3KAPjwoTV6"",""$7.47"",""578"","""","""""
"Walkers Special Old Whiskey,""1Hv9VY5P5vJFgCzefk3K6xdzb823tHGdoL"",""$6.00"",""579"","""","""""
"Wine - Red, Cooking,""1JtHZ6F6JqCQKmjUJKTDDmhttEArAD8qJv"",""$0.25"",""580"","""","""""
"Pepper - Cayenne,""1B6XX1meqiB8zYD8EZ8HCKYwhyGS9C13Ae"",""$8.42"",""581"","""","""""
"Devonshire Cream,""1GowAsPnTYpQdDr5xrF7Qf8XAjSkNr87RZ"",""$0.02"",""582"","""","""""
"Rosemary - Primerba, Paste,""13AMdxQjkvyZMn7hvhJsN8ZHHjD3K7h1Zh"",""$3.13"",""583"","""","""""
"Muffin - Blueberry Individual,""1B1Z33cbC5LhZLHu4NFwqKqfbKxAocivMo"",""$2.29"",""584"","""","""""
"Wine - Bourgogne 2002, La,""1KeM9mw1Qce151hWcrm4boBQ5nusTZtx1M"",""$6.87"",""585"","""","""""
"Pasta - Cheese / Spinach Bauletti,""1GsopZnhvWQJai6GqwCQXewuwwbmg1SyuQ"",""$8.38"",""586"","""","""""
"Rappini - Andy Boy,""1HVf1ny9RGKCRAZ1Je3XMoVuSnYuep4qGv"",""$4.60"",""587"","""","""""
"Bar - Sweet And Salty Chocolate,""1Dt3WKfuNyPB439uB5mUF8TKTJbMzwT3xo"",""$1.63"",""588"","""","""""
"Wine - Niagara,vqa Reisling,""1Ec9ppz7HVbvGjVtB5Y7d3Hvb1TejiSm9e"",""$0.26"",""589"","""","""""
"Sprouts - Peppercress,""1DGEV6N4RM4NbE6AKnJ4tLGocvPRDFPoPs"",""$3.53"",""590"","""","""""
"Oil - Olive,""15eP2gpaVTVjxxKKdiZZy3fPaDbV7Gk3th"",""$1.65"",""591"","""","""""
"Five Alive Citrus,""1L9tACuKPBTqaNXYatxB36QrNunqWmXyK1"",""$4.74"",""592"","""","""""
"Bread - Roll, Italian,""19JjnZzcY9nqox23YW4d2pdyEgTnGyimt6"",""$8.16"",""593"","""","""""
"Guinea Fowl,""1LDLxM4tPLeoD7e92xFxPLohWW5qmdUUXB"",""$6.49"",""594"","""","""""
"Onions - Spanish,""1FrXn4wbLuPpLrd3gg279zh7seEB9BuAf6"",""$2.73"",""595"","""","""""
"Peppercorns - Green,""1PYhFWtRU1U1vXyeCwnTQPAUHkwBeECQde"",""$4.89"",""596"","""","""""
"Pants Custom Dry Clean,""1GTYVGeUbBvHHvVcvzuaPtTdwtcz8qENS7"",""$4.64"",""597"","""","""""
"Lamb - Whole Head Off,""17JdLFjZyHY7EpZJ8AGXctT5dHmRHVkfPq"",""$6.61"",""598"","""","""""
"Halibut - Whole, Fresh,""18f7Mdu41KT5cGKBviT8XhYb1AxzohR7Ba"",""$8.35"",""599"","""","""""
"Pork - Bacon, Double Smoked,""19v2uAxPd9q6Dhu1u61MVYK5Damj9PP3pA"",""$1.96"",""600"","""","""""
"Cheese - Asiago,""1aWbVCT3iWv4XkVWbK3UQUizhznAN4MEh"",""$0.91"",""601"","""","""""
"Chicken - Bones,""1JK6pgtfVYuFD6efmQzvAoUhh1AK9RJCyc"",""$2.71"",""602"","""","""""
"Pepper - Pablano,""1BxzkeMigbTCB2AsNiGs5pUYKGuEx1wUXa"",""$6.15"",""603"","""","""""
"Veal - Striploin,""172C26wdCDbXxAMwLusLLtKuEwdzHwC7r2"",""$4.90"",""604"","""","""""
"Lamb - Leg, Bone In,""1FNBjz6DBbp8Mu5gtdj11iAmCQt8h4SAjM"",""$1.37"",""605"","""","""""
"Kirsch - Schloss,""1GCvLMyKUoa2bkz7fY3ZxirsuNb9rVr8TB"",""$6.92"",""606"","""","""""
"Dc - Frozen Momji,""1GTtfsESYrv8Wh4E7MLU2hN65pX31qh3Mx"",""$3.72"",""607"","""","""""
"Pepper - Gypsy Pepper,""17uHTvHpSjEoZp9gNGbqLs5mDUMw2UPiSv"",""$3.32"",""608"","""","""""
"Beer - Mill St Organic,""1Lkea7D1QESuyR3njqPKTJf9inR7ZsBG2A"",""$1.93"",""609"","""","""""
"Chickhen - Chicken Phyllo,""19CQWvnmWRzoJHHdHVGJPxij7cqMdkMZTM"",""$2.40"",""610"","""","""""
"Beef - Eye Of Round,""16FM81xP5PQJQYazQXzms82kh9rGqAfFxg"",""$2.65"",""611"","""","""""
"Juice - Lemon,""1KZUfrRNPF4uTTPbA5XcNUKrdg6r1yk5ZW"",""$0.30"",""612"","""","""""
"Sansho Powder,""13zskS7UTHfYdoUhLhC5Sx6HwwE3mfh2YE"",""$8.72"",""613"","""","""""
"Beans - Yellow,""1Dw4puA8DzaSSXP2UmQaGQYqbuUnmwQvRt"",""$8.65"",""614"","""","""""
"Pasta - Ravioli,""1Nn9wzRyHYEC5jSArau6HapqdjkzpG2rFw"",""$5.40"",""615"","""","""""
"Red Pepper Paste,""138BgSjvErU4eCgMCp4RtihFo9VLaK9466"",""$5.41"",""616"","""","""""
"Potatoes - Parissienne,""1DgoDWDArEEeZUnAu52Vc6bqhodCrBuDok"",""$3.66"",""617"","""","""""
"Melon - Cantaloupe,""1LKThF5xJGBotFZVq2iDp3gMrigfmoWGS1"",""$6.21"",""618"","""","""""
"Chips Potato Reg 43g,""1Lg2zBEQJknNYpRPVFWuKQLnVzZUmAxuo6"",""$4.82"",""619"","""","""""
"Bread - Rosemary Focaccia,""1FPHfweqEXMqDbTQPYavf2MJ3Rv25dwby5"",""$7.12"",""620"","""","""""
"Bread - Crumbs, Bulk,""17MSQAgCTGFkiWVjXHppN9TWfSCz5Z5jA1"",""$0.44"",""621"","""","""""
"Oil - Shortening - All - Purpose,""13HsUR2ijhvYzAfmEViptca8jqAhjLsKE7"",""$0.00"",""622"","""","""""
"Truffle Cups - Red,""1NFSco18UL1N2WiYA8LHVDZEoVS4L4GEAL"",""$8.83"",""623"","""","""""
"Coffee - Cafe Moreno,""1DnyNxZx6FrFCPr92T4fqyn6atvGnYecJc"",""$1.83"",""624"","""","""""
"Garlic,""1DUA46HmTq39eGuyVxNK3Fq6grdg97Nyw9"",""$3.79"",""625"","""","""""
"Oil - Olive Bertolli,""1L6kvnYNGCX1Ffv6quyJT84aMov83kjJR7"",""$7.68"",""626"","""","""""
"Sour Puss - Tangerine,""17DaDgfAdNmzj7sug8bqUbSfs6VYdiM1cS"",""$1.83"",""627"","""","""""
"Lentils - Green Le Puy,""1MVNa5uWg3cLwjbyqn5JVgAkiE2y1sXc1A"",""$3.57"",""628"","""","""""
"Tomatoes - Orange,""1NSQmQ9ki5DgFhWnAdvbDRgrLw1fuWdGdd"",""$6.24"",""629"","""","""""
"Lid - 10,12,16 Oz,""1A5tbF7nS4kSkYu1jU6FtgCfp6xpv9PiCf"",""$0.78"",""630"","""","""""
"Cream - 35%,""1NrCFQAqvZtBRcA9BpLNko5eciSQQsqDyf"",""$0.69"",""631"","""","""""
"Muffin Mix - Lemon Cranberry,""16NodDxccvf4NYuYNQ4H65AzvNBctcz9RJ"",""$2.19"",""632"","""","""""
"Soup - Knorr, Classic Can. Chili,""1CJSgiVmwyrocuM4bCqpijFMw77NSJWKMu"",""$8.68"",""633"","""","""""
"Duck - Breast,""1DsCtKC7AsKD47e9nqUKQY7eeYZFbU4hzU"",""$6.07"",""634"","""","""""
"Hagen Daza - Dk Choocolate,""15tkv6uZ9SJFmPkA8qj3svVPavbThVu1qN"",""$2.98"",""635"","""","""""
"Pork - Sausage, Medium,""1PBKfHptKZEEX8U2yVdApKNDH9JDWiQFH5"",""$8.10"",""636"","""","""""
"Muffin Batt - Choc Chk,""1Jaf7ABwNhxP3W8hCcAUS6hci54KK3fSzR"",""$5.32"",""637"","""","""""
"Wine - Magnotta - Belpaese,""1EhreHDpWuRSmju1jA5JpZ5ekfQarkVfF"",""$5.28"",""638"","""","""""
"Coffee - Decafenated,""1FmPDsisgPfg5xoyjac3fXmGbw4MiUgeHD"",""$7.55"",""639"","""","""""
"Oats Large Flake,""1PfWxwJ9oVUkDYqkhFdhKsvLKo3zKg6ysq"",""$1.67"",""640"","""","""""
"Wine - Red, Colio Cabernet,""177ZdvVy36BW2WYhr8qziy9iru1jg6U9Kn"",""$1.14"",""641"","""","""""
"Rosemary - Dry,""18VPRRVaA7UQtZXWyXZ6wH5gFwqQRdwimT"",""$9.46"",""642"","""","""""
"Glucose,""18DmWsqrduojVvs7VxNtTTE8CLerxgUxWh"",""$4.49"",""643"","""","""""
"Wine - Red, Black Opal Shiraz,""1GNyNczYh99x54LJR2jCsw2bbVtstiDsfj"",""$8.96"",""644"","""","""""
"Soup V8 Roasted Red Pepper,""13vmpwTyS4ioXMgEF6veRM7Vh5TFtHDUV8"",""$0.56"",""645"","""","""""
"Ice Cream - Super Sandwich,""1LTudTe4SL9Gq1Wko122YFMEeFH8rFQ4it"",""$5.05"",""646"","""","""""
"Beef Cheek Fresh,""17R51w3zVt1vg1nM66CiUnQQoNrdgabxjN"",""$6.27"",""647"","""","""""
"Sterno - Chafing Dish Fuel,""1NPBaFiBgr9w455Rkw9Sj9jc8iXm9tMtyL"",""$4.97"",""648"","""","""""
"Prunes - Pitted,""1EB2jYHZg3Lu2RdhPSaPY6iS5vhprMUD1p"",""$0.72"",""649"","""","""""
"Cleaner - Comet,""1GXbpo6yTUjLToAWtMHrV6QNpFzS4SbHz1"",""$9.29"",""650"","""","""""
"Hinge W Undercut,""17WwekzHxE6jvBQwvFKZgtxx9AachrDtcT"",""$3.19"",""651"","""","""""
"Wine - Puligny Montrachet A.,""1HZJRPAYm31NUcgW92Pxd4J7nSnz6HrnJM"",""$1.86"",""652"","""","""""
"Peas - Pigeon, Dry,""14JL1yJh4tsAtzauVomvsTTJqWsyKWedaa"",""$9.24"",""653"","""","""""
"Toamtoes 6x7 Select,""1Gkdx9KkPngF8yeGur5xTwsRUr2oMVVLq"",""$9.78"",""654"","""","""""
"Bread - Triangle White,""1913tiVB4TCj8YL1vSQLZGXV7FEdRNsC5W"",""$1.58"",""655"","""","""""
"Beef - Outside, Round,""136v2RTPuap1Z6RcFTBQDHN8DyFdCJw3p4"",""$8.65"",""656"","""","""""
"Snails - Large Canned,""143WPkHhTKCmC88GoH97kE4RQRg5oDXzwS"",""$9.40"",""657"","""","""""
"Chicken - Tenderloin,""1GqGzdT5Zq8Bhk8kuR4HiTnqFmsDNP2NYf"",""$1.32"",""658"","""","""""
"Kaffir Lime Leaves,""1KB959qUzyiJCpJ9Lgmbd1pNcfGYBnfFh1"",""$2.70"",""659"","""","""""
"Cake - French Pear Tart,""1JaCxuEvSTHHmB3JeAPhnJhCLtNpHDtwfT"",""$3.55"",""660"","""","""""
"Shrimp - 16 - 20 Cooked, Peeled,""1ED8y8XbRJuU1ZFrNB3xwaFT6FRVzTCq5z"",""$8.60"",""661"","""","""""
"Wine - Red, Pinot Noir, Chateau,""154YtryzHVdx54ZFcJpxSLMnEXkoqyBYg9"",""$8.62"",""662"","""","""""
"Pastry - Mini French Pastries,""157Hp92KaZYVTr3vgayV1u6kBPvzftTJBF"",""$3.96"",""663"","""","""""
"Potatoes - Mini Red,""18QtRmup7z3mJkmHPcoYBJKZ7ivKJbar5j"",""$8.83"",""664"","""","""""
"Chocolate - Milk,""18rB9M5cnUE9igBJbQdyx2gjFniQ4FdupR"",""$7.58"",""665"","""","""""
"Quail - Jumbo Boneless,""18vVnmLSkgPivqdrb4HnjrD6M464T1aGpT"",""$7.34"",""666"","""","""""
"Quail Eggs - Canned,""15TvyG1iNne4tbqf2hcmWiwSt9nKiAy4Lw"",""$6.11"",""667"","""","""""
"Gelatine Leaves - Bulk,""1E7uFJSUp9ioHZxavyiqpgeKqtjv5YxCRG"",""$8.51"",""668"","""","""""
"Mix - Cocktail Strawberry Daiquiri,""1MveseeHGuh9TBGSSi7YNqpxaLH6oekpgK"",""$2.84"",""669"","""","""""
"Cherries - Bing, Canned,""15i3ajpbksU7kNtyG4eT67T7zzbkqSbyG4"",""$9.04"",""670"","""","""""
"Potatoes - Purple, Organic,""1CGK9RQUz5cyp9bokKSeLZgvsDizm5dBAv"",""$4.88"",""671"","""","""""
"Cheese - Cottage Cheese,""1LU5oJkigGRReM7erwjNZgD6v2GGSgULtt"",""$3.77"",""672"","""","""""
"Mussels - Cultivated,""1Bo22yCE9Yfg6EzFX2rRmi1ciy2mGXp9tc"",""$9.71"",""673"","""","""""
"Dip - Tapenade,""17TcjqE37UxRREW92XAG9FahK3RZhBVx68"",""$1.53"",""674"","""","""""
"Waffle Stix,""1Eh8DgpZNLJJjHGHZdKLnL7sVx6ky4EPKK"",""$2.91"",""675"","""","""""
"Beer - Alexander Kieths, Pale Ale,""12u8jo8dquWqMrPW5GmjTBtNP17sXTmogQ"",""$6.06"",""676"","""","""""
"Phyllo Dough,""1AiyS2hN98G1fd8TbkrMspnGojMPnQc37c"",""$1.18"",""677"","""","""""
"Fenngreek Seed,""18GF7Zif3fxYPXRWR4g11Sa4RvR7PuGt2H"",""$3.74"",""678"","""","""""
"General Purpose Trigger,""15PScCGKDEaUL9pMLx1CPRUYmY7NPQ9yzo"",""$5.64"",""679"","""","""""
"Jameson - Irish Whiskey,""1NtbyLkbY9YZQr7JXvtNJK41ZzRpDAHuQc"",""$4.85"",""680"","""","""""
"Beans - Navy, Dry,""15qejDZBy6EYutSNWxD7hLs1ShyZnEiqWq"",""$1.14"",""681"","""","""""
"Sugar - Brown,""15Di94fpjq7XuovxdZC8x7SKEZJjFZQRZ3"",""$7.89"",""682"","""","""""
"Olives - Stuffed,""1Kp6Dgd75Du637WtKuj2DgsSmL9vx3eyLD"",""$7.40"",""683"","""","""""
"Coffee - Egg Nog Capuccino,""1KTUib5eDp1J6xSWSVdoamDvYArQRyJLX6"",""$2.54"",""684"","""","""""
"Longos - Grilled Salmon With Bbq,""1A2Z3Crohgxjc9AZErWGnscC18tcZw8UFR"",""$5.42"",""685"","""","""""
"Cake Sheet Combo Party Pack,""136Ei8ZUvd462Y5EL62BYqqsBJRGa1VGEo"",""$5.37"",""686"","""","""""
"Wine - Pinot Noir Stoneleigh,""17Qk6gzHYVAWAw6wBtanFpPzLG2739nAxp"",""$4.77"",""687"","""","""""
"Juice - Propel Sport,""1K4QTeVb74FJeqSPG4vTm2ra4ujJpe5uAT"",""$6.01"",""688"","""","""""
"Beer - Maudite,""1AE85ZViAAbVYBV6SgQaZr5QbRZfo5ow7N"",""$9.09"",""689"","""","""""
"Apple - Custard,""19h4vXNGzzTyGomodStbpMZ9uU8tBLyNmN"",""$4.05"",""690"","""","""""
"Wine - Magnotta - Cab Sauv,""1HSukvVdg42VhyTDNXsPFbAPwu1vquABJ3"",""$6.06"",""691"","""","""""
"Eggwhite Frozen,""1FWGpMYkPCWCSXdFgTTepgkXpdZghdGUpF"",""$3.24"",""692"","""","""""
"Beans - Yellow,""1BDwkeugYqH4MoprBEAUonWEyubUCJxyxz"",""$1.83"",""693"","""","""""
"Cheese - Romano, Grated,""1KuCrjnfCFeSEMBcaEpJ8NA4NN4jHPggbi"",""$7.11"",""694"","""","""""
"Vinegar - Sherry,""1C1ArXqbnZtYLLRQysQD9nyamahU6skZYd"",""$6.33"",""695"","""","""""
"Lobster - Tail 6 Oz,""1LsLHAyXHPdgk9EW3T5SVTUpyPs2r9Sa4X"",""$4.37"",""696"","""","""""
"Doilies - 7, Paper,""1Jp2sDc2HZQbEJfzX2GWB7nyBsHLjpBiL4"",""$6.89"",""697"","""","""""
"Lettuce - Frisee,""1F8LfAWELqnaS7DFPZ9MM7SJMMoxqz1sie"",""$2.72"",""698"","""","""""
"Sage - Ground,""1BMZMFRvwL8asDeGUoigE7qerdbVsBhr4H"",""$5.32"",""699"","""","""""
"Beef - Montreal Smoked Brisket,""1JAk6CPLKxk79yVMRH6sY1JENbeeW3opys"",""$0.65"",""700"","""","""""
"Cheese - Mascarpone,""1L7yXRs6F3ZKWJKDNWnSLGbRh2FaStPWLh"",""$3.83"",""701"","""","""""
"Cactus Pads,""1MmCS3xFrSYMuH7K5rqr79Zk8Kd9cjELLM"",""$6.16"",""702"","""","""""
"Tequila Rose Cream Liquor,""15K1rF2gsrzDCNRJ4dGHoT6rCiZsNsGnCX"",""$7.51"",""703"","""","""""
"Wine - Cousino Macul Antiguas,""1NoEyEwHUw8JewJj3W4G69QHCGCpq5Erxc"",""$3.60"",""704"","""","""""
"Waffle Stix,""15MejCdzuF8EvLScb8D6ukZBR7Z2An4k4B"",""$9.16"",""705"","""","""""
"Bay Leaf Ground,""18mohdDsRJfpBy5weWw6Zsz7fazUCKvhc6"",""$4.33"",""706"","""","""""
"Mayonnaise,""1BAXuDWTJC8roWueBkdJGCAvFCwJNLALNj"",""$6.98"",""707"","""","""""
"Tortillas - Flour, 8,""1BXDk7ipnxAGnrn2PjGJhMqPW8ecoKsGgZ"",""$7.98"",""708"","""","""""
"Southern Comfort,""1Q9XfPGevwzmjqcny1CxLPw129tiR9Q4er"",""$6.69"",""709"","""","""""
"Vol Au Vents,""1LEvRGhaDvnuXxUrApsLFDQ98Kdt4eD3qR"",""$3.91"",""710"","""","""""
"Sugar - Icing,""1J9QEmpELjumEsLzA5BuWWTpNMf7TLpnaP"",""$6.84"",""711"","""","""""
"Muffin Batt - Blueberry Passion,""1Q9vkcVJYDwfzoT2hZ8FnumooQpvdFCS7U"",""$2.63"",""712"","""","""""
"Wine - Red, Black Opal Shiraz,""1G6mNhJK8VxqQGKKbhNsGtgmhEbFky5gdt"",""$9.54"",""713"","""","""""
"Sachet,""16EGUtwagHzFsPiu37sSWUiecFhFtVhjPr"",""$6.47"",""714"","""","""""
"Muffin Batt - Ban Dream Zero,""1DyzXKFmedhG1Gi3LwtW3Cwx6PJKeJdzdc"",""$1.32"",""715"","""","""""
"Peas - Frozen,""12taoUfsARrsUptRr9VBuTqoyACCFkriGP"",""$7.89"",""716"","""","""""
"Cheese - Grana Padano,""1BMnDrwW9QSqQgFHh5fovG59YHfvZEiQUT"",""$1.28"",""717"","""","""""
"Ecolab - Solid Fusion,""19c4GiBA4y5W3Z1SEzgM5iexkUMTMhT544"",""$4.96"",""718"","""","""""
"Pork - Ham, Virginia,""1PgKqf49mgA5tCMUdBoKRfoFr2Uj7kogy6"",""$9.55"",""719"","""","""""
"Cups 10oz Trans,""16DrDC1rVs25A4sWNWK8YbMgRE68dwrXAD"",""$7.46"",""720"","""","""""
"Coffee - Colombian, Portioned,""178JTdXfSbjx8Cwb5zWT233fmua4RVWTP9"",""$8.31"",""721"","""","""""
"Grapefruit - Pink,""17Dfzq6TCstBuiXHVnwS2ov78KQw8aaxPE"",""$3.24"",""722"","""","""""
"Kumquat,""1QAQAM21agE3peegGmTD6fh71GcgjjupdQ"",""$7.52"",""723"","""","""""
"Wine - Mas Chicet Rose, Vintage,""1KU37fVaFwxMTtxfzMdk5BUCgaa29CscrB"",""$2.30"",""724"","""","""""
"Muffins - Assorted,""1DpDhTP8d5FWL86X6ZRQraSAHqzToG1k18"",""$7.75"",""725"","""","""""
"Ecolab - Solid Fusion,""1D9VeFrnjb7tumYVsjTWCFjAx9smtzhjKi"",""$7.49"",""726"","""","""""
"Foil Cont Round,""1ErUyi7X2a3gSs1trTzsu1CfAVKt6KZaCo"",""$4.70"",""727"","""","""""
"Bread - Pumpernickle, Rounds,""1MgHwVhCHChexa1eNqov8nDbd7roUsCqKn"",""$1.63"",""728"","""","""""
"Sterno - Chafing Dish Fuel,""1AByKDUkSSM8qB9MMPuV4gd17UiEtARh3a"",""$0.71"",""729"","""","""""
"Bagel - Plain,""1GnUK5n7pQwVeqMLmjUAkfWDD5LkaNPe46"",""$3.13"",""730"","""","""""
"Towels - Paper / Kraft,""1NYeWsr13w1GNWFJ7efbKr8etc3gVxr3qa"",""$7.13"",""731"","""","""""
"Roe - Lump Fish, Red,""188TgRntznvfYbxfY3N3DGKiiSvN9ZEVgg"",""$3.08"",""732"","""","""""
"Filter - Coffee,""16mnr6M3VCQ4aK9sGb6RJ6Kjiv2nfFJFha"",""$4.08"",""733"","""","""""
"Shiratamako - Rice Flour,""1JMubNck8vKf1kzagULWTzwTQrHiBGcYYQ"",""$2.60"",""734"","""","""""
"Oil - Food, Lacquer Spray,""1CuBPCPAC4X8Caz1yqcGYUaCTumHJ2nQFC"",""$5.15"",""735"","""","""""
"Wine - Pinot Noir Mondavi Coastal,""12ATFAFaP2Ywo2ajE5aUEMobeCez1tjjRN"",""$2.22"",""736"","""","""""
"Green Scrubbie Pad H.duty,""1M4F711GLzaxQ8ukP8FKw5kEZN7CcoCude"",""$0.27"",""737"","""","""""
"Lobster - Tail 6 Oz,""1JWsof3vvCNqR2gFJiLtBbXrFfyfhHeFcW"",""$6.30"",""738"","""","""""
"Shrimp - Baby, Warm Water,""1CBCHpYk4o88UJ6moMFVfEV7Az7wcYFLiY"",""$9.91"",""739"","""","""""
"Snails - Large Canned,""1PJwZJZTVGsMCgKQ7xRTjZDaAayM1XTwUy"",""$6.42"",""740"","""","""""
"Lotus Rootlets - Canned,""12MHGcdRp5wgujbGbwY2xJgMdsFJTY5tkV"",""$7.81"",""741"","""","""""
"Grapes - Black,""19Z1Xgr1XcqKegFDCkjmsR5SUQ2Gixseuy"",""$8.86"",""742"","""","""""
"Soup - Campbells - Chicken Noodle,""16eCGuPKCXJixVz4d25DhNkHPJzfmY8EGS"",""$1.70"",""743"","""","""""
"Chilli Paste, Ginger Garlic,""1FpjvkYyZ2EfCvop356f7wpEw1zbLYEVAb"",""$0.01"",""744"","""","""""
"Juice - Tomato, 48 Oz,""1APoCPPkwD1cyQoBzudAU5bmcZSNVedm4q"",""$9.93"",""745"","""","""""
"Napkin - Dinner, White,""16kMTjUy87DD1nx4eTovbNz9WKZ9iKPbpJ"",""$0.09"",""746"","""","""""
"Bread - Bagels, Plain,""1PDsanx8XjggFTnpQEECfg8j9ZtwTLPH7x"",""$6.58"",""747"","""","""""
"Goat - Leg,""16fS4mDWNaC8yAcHteZZK5Hyc7CYyxU11X"",""$5.32"",""748"","""","""""
"Rice - 7 Grain Blend,""1CB9HUxss534WTjmHyPYTwm1wgNLgj79S6"",""$9.76"",""749"","""","""""
"Daikon Radish,""1EphciAzGGfCMfhsZEDyH72vxySiDGc9N4"",""$2.59"",""750"","""","""""
"Tea - English Breakfast,""16xWKQ5RJXGiksLSrj6nj7rcmTaQei7JuB"",""$9.66"",""751"","""","""""
"Soup - Clam Chowder, Dry Mix,""1NRShTTBKwEA3t24uWVKf8zGyWJtyq25JZ"",""$8.43"",""752"","""","""""
"Vermouth - Sweet, Cinzano,""1Luo3M2rS51emw4xLBq2rXa4ejRxDJYD7D"",""$5.69"",""753"","""","""""
"Spinach - Spinach Leaf,""1M3ChWYCnvGFjgrd7tiDTJjGmhLWRLhxW5"",""$2.15"",""754"","""","""""
"Fish - Soup Base, Bouillon,""1Fp6mAcWs4GA8He9Q6AG4qYEJ1XEzfQTag"",""$5.75"",""755"","""","""""
"Fenngreek Seed,""1KtMf54ABCBerPB8zaGVXo2sBZ974333n1"",""$1.57"",""756"","""","""""
"Rye Special Old,""1L46bvjmcyEPmwJYCLgftZzLsBt4jsZnNS"",""$4.35"",""757"","""","""""
"Tart - Raisin And Pecan,""15ra6b9HHiZ92Ag9qLJN8Si5DtPawfb48v"",""$2.54"",""758"","""","""""
"Salmon - Atlantic, No Skin,""1Fmb6GbcKfC5Udbsysq3DMihJAe6s3osch"",""$5.03"",""759"","""","""""
"Syrup - Monin - Blue Curacao,""1C17UTTt4kBpenLxPwet2KHyYBDre5ECf7"",""$6.25"",""760"","""","""""
"Nut - Almond, Blanched, Ground,""16NVo7cyEAQay9ZotGr8dS62F2aAJRuHQU"",""$4.48"",""761"","""","""""
"Sausage - Chorizo,""1Ddtg8zDbvGy5vPVxjmUewnB2VRQTMuiKT"",""$7.65"",""762"","""","""""
"Knife Plastic - White,""13rsrwxY3rK9h5xgZNqq34HsM93W2DSvnz"",""$3.02"",""763"","""","""""
"Kellogs Raisan Bran Bars,""1H3M7Hd7FZUM6zGrXSjemdK8E8GFRfzLcD"",""$1.11"",""764"","""","""""
"Sherbet - Raspberry,""1PdUXSQj41Kin5PFfYSLkmBKSUyptY79g3"",""$6.87"",""765"","""","""""
"Broom Handle,""1HcM9V8fLncExmvUNUDJdiubYZZWTj2dWF"",""$5.86"",""766"","""","""""
"Tumeric,""17xb8YngQDYTEY83tewWGowXKJDVKTLwYb"",""$4.48"",""767"","""","""""
"Cinnamon Rolls,""18feMWCBcMbLJCr4LSzsRQVDrQZvY71Qzo"",""$4.10"",""768"","""","""""
"Sugar - Monocystal / Rock,""1A3NyXfSPvDor8An8Sf8WE3V4Bapixvoon"",""$5.16"",""769"","""","""""
"Muffin Batt - Ban Dream Zero,""1GKCwUFodoDbZiu3rPRNJiuxR3SzJfVLLw"",""$6.82"",""770"","""","""""
"Bread Crumbs - Panko,""13Xv29HsuFFciMY1btPdQ89yJmA7JVFvFa"",""$9.94"",""771"","""","""""
"Plastic Arrow Stir Stick,""1jsVTZdzHTRSt19efKLmgws5fKg7RzaPc"",""$0.19"",""772"","""","""""
"Wine - Charddonnay Errazuriz,""14EREhZHSxECCUGrwRarYNWnnffdFQsBLe"",""$6.12"",""773"","""","""""
"Wine - Champagne Brut Veuve,""1P114rvEf4eMvcbbCoqKFLZpZgcGLfnmCE"",""$9.92"",""774"","""","""""
"Juice - Ocean Spray Cranberry,""1N4nsuhAEL55yzR5YEVbgKQuUvm3TXcErC"",""$2.66"",""775"","""","""""
"Caviar - Salmon,""13taPxMeWG2R2ocZFAFbtJPWx4muVSxVry"",""$3.58"",""776"","""","""""
"Cheese - Mozzarella, Buffalo,""1JhbVCcdMhWF7eCJ5u9B5GJrcKWRpRGXkk"",""$8.53"",""777"","""","""""
"Muffin Batt - Ban Dream Zero,""1NE8nhgyVaBjGfFGxUMZTwxFUn8Aa6KQwj"",""$1.00"",""778"","""","""""
"Syrup - Golden, Lyles,""14uTQSiTsU3hLJdWBtTpSmUyNvP8gnh4Cn"",""$7.05"",""779"","""","""""
"Cheese - Gouda,""1soEsFZxpARynyv6chQyPa9uT33SEmM9g"",""$3.56"",""780"","""","""""
"Marsala - Sperone, Fine, D.o.c.,""19AGysG7jQgQFQ1DrzmDAQPu8Nfg23gNha"",""$4.15"",""781"","""","""""
"Longos - Grilled Veg Sandwiches,""1oyi7p4RQrttvW4BkmBUNmF2aZxD63pHz"",""$9.92"",""782"","""","""""
"Cheese - Marble,""19B58hv4bPtykBaxrcuaKHAzkH6hLvLemw"",""$0.69"",""783"","""","""""
"Red Cod Fillets - 225g,""1MqCdD6Cn632UjxsBbmDuQnJBGVPV4dsMw"",""$2.53"",""784"","""","""""
"Chicken - Wings, Tip Off,""1Myqq6sTeYQ8iVmg3zReCVqkgaz2QoSaGq"",""$5.09"",""785"","""","""""
"Food Colouring - Orange,""1GHvdhHD96FLtpd8YTEFbeB7JyvumgtaWk"",""$7.74"",""786"","""","""""
"Wine - Placido Pinot Grigo,""1CtGUNZmp8N7BytuegpFetsSn3WXWwwoE3"",""$2.72"",""787"","""","""""
"Tea - Decaf 1 Cup,""1JbfBjF2dPgLbfPAMTTHywjRVzPT47xp41"",""$0.13"",""788"","""","""""
"Juice - Prune,""1DMoFdorythnXRJn8hLuHQRNupdUWLrj5e"",""$7.22"",""789"","""","""""
"Anchovy Paste - 56 G Tube,""1J2nrW1uBpmE1PUURZWSS4yMrRBbUVaPv"",""$0.92"",""790"","""","""""
"Kellogs All Bran Bars,""1ATXP94eeaiJHnxjwAsyJtJikSNkr4auXX"",""$0.30"",""791"","""","""""
"Fennel,""1K8uR2ds9j1S9S9oAXntFjXfycxRbvoSme"",""$6.69"",""792"","""","""""
"Chervil - Fresh,""1NgcvaW55zBG8muS4P41SPHenjTUiNYnrL"",""$0.65"",""793"","""","""""
"Coriander - Ground,""1EMu8MMGTbERMvc9ugsG9Uv4ZvhN5FqZqG"",""$2.44"",""794"","""","""""
"Potatoes - Pei 10 Oz,""1kRGcnfo3HHebRUZGGiuEpePzFzmue1bs"",""$9.90"",""795"","""","""""
"Oil - Macadamia,""15zsY1K5BxJATwY25be1SZ1RfBK4JCZfFy"",""$6.09"",""796"","""","""""
"Bread - Raisin,""1JnBBdejTwZtxpA7kG36sd4gwMHu9LLgW5"",""$8.37"",""797"","""","""""
"Flour - Masa De Harina Mexican,""1PAeoM1KSE4uNscB661ysJKfzeWnMnCjJz"",""$4.71"",""798"","""","""""
"Sorrel - Fresh,""1EGc3ZhnZ8SVnkDuFFqUoudyaf89DvcyJb"",""$8.75"",""799"","""","""""
"Olives - Stuffed,""1B27bEk65NMmGt2Fzv7DZ73gbYFzrRH8uU"",""$6.36"",""800"","""","""""
"Kippers - Smoked,""1JxrvW8MhDwFNzLPAyDjqVpJaSv6HCVMqh"",""$3.66"",""801"","""","""""
"Pasta - Spaghetti, Dry,""1PiEoD18kTCVnguQFziVX6N8DaihhwkRch"",""$5.76"",""802"","""","""""
"Flavouring - Raspberry,""18GpqbG6BXbAJMSzjhN69aMF89hTXSmvKi"",""$8.72"",""803"","""","""""
"Pie Filling - Apple,""16DFJnvFYCpZDk3DxvMtMwtwbiRQEyqLgj"",""$7.00"",""804"","""","""""
"Ocean Spray - Kiwi Strawberry,""1DCmTMdmRibGGbuQ14rRMMz7YgCTzZm7jK"",""$2.24"",""805"","""","""""
"Ice Cream - Chocolate,""1P5bHNX7po5eNTsXByoY8SF6nhqDN3kTZi"",""$2.06"",""806"","""","""""
"Mushroom - Oyster, Fresh,""1242HSgUB9Snqy8eZ3mg9M1SxJMuqDuwh5"",""$6.03"",""807"","""","""""
"Flour - So Mix Cake White,""16291X2QM43H4Vg5dowMKw7wSj8xeCGbmZ"",""$0.51"",""808"","""","""""
"Cake - Mini Cheesecake,""1GnZjmgMZkN6iWcioGYy3uv4Zo1xhQPEja"",""$7.06"",""809"","""","""""
"Soup - Campbells, Beef Barley,""1PLsgQovxwBzhGSDoi9A5VtwfxfHJhRnvm"",""$2.66"",""810"","""","""""
"Longos - Grilled Chicken With,""1NfWj5BhWPfWeNBv28ag9QMzCVoWWUMgtG"",""$1.33"",""811"","""","""""
"Crush - Cream Soda,""1Evd8xyRLjxKNsBELmX2TaWs5NBVQEUVBf"",""$5.02"",""812"","""","""""
"Chicken - Thigh, Bone In,""15QL3BSQMQuo7bcv3ebNyouWSwxH6sMNKv"",""$5.35"",""813"","""","""""
"Veal - Sweetbread,""1Eqt6t1jTYdiEsLQS456N4ySUnjoPjpty3"",""$0.82"",""814"","""","""""
"Zucchini - Mini, Green,""1fgYgnVRtTraSKSQjyFCcunhyLYSHBCXR"",""$2.77"",""815"","""","""""
"Neckerchief Blck,""1K2zAg3WFLYPcSHqQWrDjeSEf27RJxuio2"",""$4.85"",""816"","""","""""
"Eggplant - Asian,""14mYk8Ny1ZTUekadJCsW6x8qkrnULUizcz"",""$2.14"",""817"","""","""""
"Sprouts - Corn,""1Cda3mGzmZgeh3YHkLcsxdqjLbhKkrgCzm"",""$3.52"",""818"","""","""""
"Sword Pick Asst,""137j2FhJ9RQK7XpScwyYioTrQFjmmDLT1a"",""$8.62"",""819"","""","""""
"Potatoes - Parissienne,""1FdNAqKqcEuU4duGJfvKNRuzmBPSzRVC6g"",""$7.99"",""820"","""","""""
"Lobak,""1N52xc5AWYpVZ6GDXTK1Vsheuvj11TghZL"",""$2.92"",""821"","""","""""
"Wine - Winzer Krems Gruner,""1Kgv31YiVH6sqd8waLRxpjAMC8DW6gwFhx"",""$1.60"",""822"","""","""""
"Trout - Rainbow, Fresh,""1M7jASdMXVYB5aqHkshDq8Q5YsaFFbKspf"",""$3.60"",""823"","""","""""
"Grapes - Black,""1MYPxTJRPjgajdJ1RxUatmqTkEGzqnZnUn"",""$1.90"",""824"","""","""""
"Chips Potato Reg 43g,""1HZU97dg6k3iCMPJKfeSJXxC79B5fVhhB1"",""$7.34"",""825"","""","""""
"Veal - Insides Provini,""1Fmn6HNe3jjSNREKJdL7UCNGwLsuqNQh59"",""$8.38"",""826"","""","""""
"Bread - White Epi Baguette,""1CiuxBQH45XZQH8cvnhxB3CdMth5ommd18"",""$6.61"",""827"","""","""""
"Clam - Cherrystone,""1FH6a5r1BgEqHoFsLgAXNhHHAcgv2yZx7r"",""$6.46"",""828"","""","""""
"Chinese Lemon Pork,""13dLN2KLutERYEZdcj4DGCC4T9tMaX4c6B"",""$1.20"",""829"","""","""""
"Butter Ripple - Phillips,""17yV3ahw4QWWj8EqfKEA3boZBydUpPXGyu"",""$2.72"",""830"","""","""""
"Steampan - Half Size Shallow,""1ANWDz5rixZVFPG8uMsLGfSL6VSMJwAUBX"",""$7.03"",""831"","""","""""
"Wine - Maipo Valle Cabernet,""1NU3G1eGyYRrt1zDP1KyjvUphSbDFBNorc"",""$1.08"",""832"","""","""""
"Buttons,""1MxbUUy143z4BFwwddw5xQgXdzZf4bdbdG"",""$2.90"",""833"","""","""""
"Radish - Black, Winter, Organic,""1xUNQ1xfNQPLDn3LTzw2nGDJsJf5i7ktU"",""$1.12"",""834"","""","""""
"Muffin Mix - Banana Nut,""1JUGVPwbStPRRDnjB8Vbn2r2d4ds6euabC"",""$1.02"",""835"","""","""""
"Foil - 4oz Custard Cup,""1MQvNEvArg1jyHXBysGpVvEBfSvwWeZLop"",""$9.27"",""836"","""","""""
"Tea Peppermint,""1C2n9Tydy1TixpYpXAL8TS3bvi4VZMKL1T"",""$2.77"",""837"","""","""""
"Compound - Pear,""1CxACUgwS6bHrn2mfSsgNaSzyaR427DN8J"",""$8.59"",""838"","""","""""
"Ice Cream Bar - Oreo Cone,""1Cvvzv3eRcSMmQw5yQHBNdUfdXQwkaspVp"",""$5.05"",""839"","""","""""
"Coffee - 10oz Cup 92961,""19WCJBZNdA3vj4ncoWPBRCtubdird2HF2z"",""$6.04"",""840"","""","""""
"Pop - Club Soda Can,""1Gn9aPDfwM2DWrbVuzSeNiPtL38YHb4KJJ"",""$3.17"",""841"","""","""""
"Cheese - Romano, Grated,""1C7nTgNGY64u1Znsa6HmR7yQ88v35sGcgi"",""$0.09"",""842"","""","""""
"Lettuce - Lolla Rosa,""13QkYYPXFL6VwHMsSj2n3oT6ANpBYSQf9E"",""$3.73"",""843"","""","""""
"Cheese - St. Andre,""18GMPx4uW79KkgUtsZ4EVxGXb9Us4jT8uB"",""$7.99"",""844"","""","""""
"Muffin Mix - Corn Harvest,""1Nv51XpuH2LS7KD6a8DZihdXZRrfmqJQLw"",""$7.26"",""845"","""","""""
"Beef - Rib Roast, Capless,""1PRThdniwQEUzjepKnyZs8q6VhrNTCu6YZ"",""$0.48"",""846"","""","""""
"Soup - French Can Pea,""1K3iCGyFW5rp3mTX9aFoaYo9VhZJkAHJKc"",""$0.03"",""847"","""","""""
"Shark - Loin,""1DVArzxtB5ifrXdt6kknDd8m31Ru7Rb7c1"",""$8.93"",""848"","""","""""
"Chilli Paste, Hot Sambal Oelek,""14gHtCRTQNSfivY7N51DKV3bFqMM3CZsff"",""$2.81"",""849"","""","""""
"Eel Fresh,""1LXCjyyYeiu2UccjQUZk9SpXST2moh6H5Z"",""$6.07"",""850"","""","""""
"Scallops - 20/30,""1NjyKGq8F2bYtRFGWiQUzVKkdaDwsYXgSd"",""$1.98"",""851"","""","""""
"Pail With Metal Handle 16l White,""1BnHWeT4nCUuiarTA9qHqNZFWwjYqWfa1h"",""$6.45"",""852"","""","""""
"Beef - Ox Tongue,""16DgGVpf6WxvRRNEiMgFrUz18rSsGoRrTn"",""$8.24"",""853"","""","""""
"Sprouts - Bean,""1GYeumBYsjtdf6inz43SmtX5wbCibxEXkX"",""$1.77"",""854"","""","""""
"Table Cloth 72x144 White,""17LZqDGVeMqnjvqpPV74MWefYjZCXoDjaV"",""$3.46"",""855"","""","""""
"Cookies Cereal Nut,""1AC3we5VcMrsobDHXtKgdgx4vHnXNZAVXv"",""$4.68"",""856"","""","""""
"Lemons,""1Nb2M8z2cWsziiLsPMRTLdSspR9vRekhas"",""$7.92"",""857"","""","""""
"Waffle Stix,""16MZgRRbgMaZgfyznyAM8s812oT2dbYWUm"",""$6.93"",""858"","""","""""
"Wine - Rosso Del Veronese Igt,""1F49WxEBL1wF2ugduetruDgLPYYsy7zc1R"",""$0.43"",""859"","""","""""
"Five Alive Citrus,""1ukU2SYQAsGZgAy52ywkyB2a7WrkJyZvx"",""$5.07"",""860"","""","""""
"Garam Marsala,""1DhW9dCamVUioZdw15t7hL3yNK8QqAe5nd"",""$4.60"",""861"","""","""""
"Crab - Imitation Flakes,""1FfhyYFYsLwAa5Cy2zQdB31nvNta7m3MUm"",""$8.90"",""862"","""","""""
"Cake - Mini Potato Pancake,""14o3nL6jgAA1DUzKv75x83MeLs5VR1X8qJ"",""$4.78"",""863"","""","""""
"Sugar - Brown, Individual,""1DsUGAh9VSxiGLHhhW6g3c8DJiMRKvxgHt"",""$6.03"",""864"","""","""""
"Celery Root,""12e2qWJvWbWqzC4MoZctEQLrvJch7QshLe"",""$8.06"",""865"","""","""""
"Lamb Shoulder Boneless Nz,""1PrUYDkKDjWEHoaEjx568cXCNMKWQQ3P6d"",""$6.82"",""866"","""","""""
"Scampi Tail,""1MDZMvBJAbWm2ZnsmNPaxv1kwgThs2ddFB"",""$6.54"",""867"","""","""""
"Aspic - Light,""1PL5XXPszTB3XuhQXL8AziR9hTtiedRJZn"",""$9.29"",""868"","""","""""
"Salt - Celery,""1N4W5pJ5eJYZA4n59Egpdq4cUrhnQ4oKKh"",""$6.45"",""869"","""","""""
"Food Colouring - Red,""18k5rZ2vcJhGLUMWkLwMFnJdeSQshtK4Sq"",""$4.71"",""870"","""","""""
"Miso - Soy Bean Paste,""1B7nFYQtAyxpeb3aXwk8sucNz2HUXLrEiB"",""$0.11"",""871"","""","""""
"Sherry - Dry,""1NEXdrnCAKzhKByV9V5efzRKqE54Sy1Km8"",""$9.02"",""872"","""","""""
"Wine - Cava Aria Estate Brut,""1LSdxMXTz6HaoabsXfY2oiRhn4jr6HbXuk"",""$2.68"",""873"","""","""""
"Bonito Flakes - Toku Katsuo,""153cPyEDixgdiXKQQKmX9yKx3MHhHKntW1"",""$9.60"",""874"","""","""""
"Snapple - Mango Maddness,""1FCcfFdEkDN6Lq2p9dhwb6NrAZWTn4QXPB"",""$9.28"",""875"","""","""""
"Spice - Montreal Steak Spice,""1Gs3xn8DnJRSnaVAYMQwibHL1D2BcrSnjZ"",""$7.34"",""876"","""","""""
"Nutmeg - Ground,""1HH2dHMLv1dhmBc1d36e7ipb8TRKEk6dep"",""$6.32"",""877"","""","""""
"Yeast Dry - Fleischman,""17daXYSyY1e6fBD3YpTZdtC7Ks1b7Vb3nH"",""$9.42"",""878"","""","""""
"Sobe - Berry Energy,""1BqCaJhBv44TBQ2sAwEUszJ9exfTtVbmCd"",""$4.67"",""879"","""","""""
"Sword Pick Asst,""1CaaDHbG45u5EEe3wqsQa9bmsrZBtU7Y9J"",""$5.96"",""880"","""","""""
"Macaroons - Homestyle Two Bit,""16KPQtq6r52Ek4kvEDX6gQdARtWGk4v9o"",""$0.94"",""881"","""","""""
"Wine - Pinot Noir Latour,""1FiJtLuaVGyRPvgz3hE7Z5JX8SxTXCBQXK"",""$4.62"",""882"","""","""""
"Crab - Soft Shell,""16Xeh9iwYNsHEKc42T2QbdTgPFnx9JTc9v"",""$0.20"",""883"","""","""""
"Truffle Cups - White Paper,""1fNtRE3qEDSs3E1VWU73tnx1CQfnc7wMX"",""$3.87"",""884"","""","""""
"Syrup - Golden, Lyles,""1KnE2HhELuzfBvBPJ5AmERyhCpzDtAynNB"",""$1.31"",""885"","""","""""
"Pectin,""1D1j9tuoboTVoFjjkLssGhY7gXPVcdyLqC"",""$7.61"",""886"","""","""""
"Bread - English Muffin,""1DnRmjc6FtCoPnLcifCP7J6VwHSrwGE15V"",""$1.64"",""887"","""","""""
"Sage - Ground,""1L7eso8NDdR96Z3vcUinEbzzniUApGm8cW"",""$6.13"",""888"","""","""""
"Pork Casing,""17qq1oKs626porsuBdoz1pkjqo6i7ymuGQ"",""$9.16"",""889"","""","""""
"Cassis,""1Mxv2XUviiVjw7n8YVWvun6QyRJU6fkvNT"",""$5.14"",""890"","""","""""
"Appetizer - Mini Egg Roll, Shrimp,""1DcsVmzskus5dxoWmSdgpgRk6G18cdXbrN"",""$2.55"",""891"","""","""""
"Syrup - Golden, Lyles,""15fz53MfDH7wWiGxtVqS1uDQqY8RfJKyas"",""$7.21"",""892"","""","""""
"Wood Chips - Regular,""1ENzY3b6mw5uCFc14hHYfEnXjHQJTT9tNo"",""$6.46"",""893"","""","""""
"Longos - Burritos,""1Bw64ptUG51e3kZimGLatapnjjSfC114kX"",""$6.41"",""894"","""","""""
"Salmon - Atlantic, Fresh, Whole,""1N2qLafkHFAPFHQ3AhvnPFHbyMj6mAtcya"",""$3.31"",""895"","""","""""
"Cake - Lemon Chiffon,""1Lpgo8kJuwFwjzperdJs6GeVwKJHYcn2h7"",""$8.40"",""896"","""","""""
"Potatoes - Parissienne,""1E7FuM481v754Y46pPGJ4UnwPCcjz9cZ6M"",""$3.30"",""897"","""","""""
"Browning Caramel Glace,""1HF3Ddsr6kxzGGZahvzQ5WRtcYAm36zgy1"",""$3.77"",""898"","""","""""
"Cheese - Augre Des Champs,""1Dh2o6K9G4tP1wDxnfBJ5vxEXhUpnRsFmY"",""$8.28"",""899"","""","""""
"Yogurt - Assorted Pack,""1Fi3ZEXEjsnydwEXr3ZZKZDK8WiKqhtFqV"",""$1.62"",""900"","""","""""
"Tea - Herbal Orange Spice,""1LK2fpau4LtcA7pC6PhgCvP8VUDQbFk9yL"",""$7.92"",""901"","""","""""
"Hold Up Tool Storage Rack,""1HqCmjXySC5jo8wreDfc8HJWHQCAs8wUxa"",""$9.81"",""902"","""","""""
"Emulsifier,""1FAFqi28JsMRGmZDEw8pfPRRwzV48rXvKS"",""$9.25"",""903"","""","""""
"Sauce - Hollandaise,""1CMMbegdDBg7Y6RS1Ua2b5LydVxHxFHHZb"",""$1.90"",""904"","""","""""
"Fish - Scallops, Cold Smoked,""1AFSpdZtr86sdRVXjNbG4kNDFBCfKbot23"",""$1.05"",""905"","""","""""
"Icecream - Dstk Super Cone,""1FKBzjvMZLt4hD37GsFx2w5d87q4edfeLW"",""$0.59"",""906"","""","""""
"Pasta - Fusili Tri - Coloured,""1DpSKMwVrQaB9zeZ8VHXaEcFzKSacjUmWc"",""$8.38"",""907"","""","""""
"Extract - Raspberry,""16K8Mk5i4Lj2qNWJkY2VvfN9X1RC1Td59W"",""$5.84"",""908"","""","""""
"Pie Filling - Apple,""17G5pcdgA2cGtH2uwqqkrNn44VsiwEuj1f"",""$6.95"",""909"","""","""""
"Mackerel Whole Fresh,""1ee1BsaR5WdX5NLAZ5KnpmRxCreBH6ZZH"",""$7.28"",""910"","""","""""
"Appetizer - Shrimp Puff,""1B6ak17GVtLdGEcSuYDdeWuoKGHsTnfGcQ"",""$9.85"",""911"","""","""""
"Honey - Comb,""1JTKchpuGwwwg1GkMHq9bAZSdmFR8DRAL2"",""$7.34"",""912"","""","""""
"Chocolate - Pistoles, Lactee, Milk,""13cdEqDR9qhFFEnxSLe2BhCLLKvUh69g1w"",""$8.68"",""913"","""","""""
"Sausage - Breakfast,""14w5CEPykpoGbKw5orVJDoqSEHUxFFxDCA"",""$5.45"",""914"","""","""""
"Tea - Herbal Sweet Dreams,""1GHPfmBqcEUs7DqQDcaKVpgLL76r4AscK2"",""$3.05"",""915"","""","""""
"Soup - Clam Chowder, Dry Mix,""14hBfo7CajLhFq7ZkBCEEEssCz9VSRo7Fe"",""$0.36"",""916"","""","""""
"Beef - Bones, Marrow,""1EAyyQRpQLZgYbx9FkPtsj8AfQ9XSAdQrd"",""$2.81"",""917"","""","""""
"Salt - Seasoned,""1Gy1bnCsEMpjGSHNbH7pDk1heZS5qbayew"",""$1.34"",""918"","""","""""
"Pastry - Trippleberry Muffin - Mini,""1HYZxovsuVh9UqQ5qqrzj6NvTeFV4zS6U5"",""$9.75"",""919"","""","""""
"Quinoa,""17j2FL8cBPC3nnc8A2u67dEG3Dz54nS66k"",""$6.79"",""920"","""","""""
"Cookie - Oatmeal,""1JwXbg3M93ZVEjyDdvWCuivrBWFpCmEDsp"",""$7.33"",""921"","""","""""
"Kellogs Special K Cereal,""1KforwuDunP1TvzpaQqwJDs7AnH1pe3QpM"",""$4.29"",""922"","""","""""
"Pasta - Cappellini, Dry,""1666j1gARz44xubRKFoAVgzo34ps6QEgzq"",""$6.39"",""923"","""","""""
"Icecream Bar - Del Monte,""1J3hrY9v6bFSMnd4suqsnEwq6V9qsaWfQw"",""$0.41"",""924"","""","""""
"Smoked Paprika,""1NYXo9cYfS7iSGg8WjVqXJjxWwU2zTzQ8X"",""$5.21"",""925"","""","""""
"Veal - Leg, Provimi - 50 Lb Max,""1D9RfYsgLhtveXu7xUQYTfu8vfwF1dYkxm"",""$5.97"",""926"","""","""""
"Monkfish - Fresh,""14fQP4UfrfJMbLHHWRqw3JwAJGQyQGoArU"",""$7.65"",""927"","""","""""
"Rice - Sushi,""1HEqpZwfWZ7REyv8s775Q3znpK5F797aGd"",""$6.01"",""928"","""","""""
"Trout - Smoked,""18r68P8EXYjBwNgoFPVH5DRrtZuPd7QfaP"",""$3.42"",""929"","""","""""
"Country Roll,""1MJG3BYpURxiuyfoqc4qSukKKaBbHr4Jd9"",""$2.84"",""930"","""","""""
"Glaze - Apricot,""1DhNUyhaTYtQboGEoPJzFwuSzt8d2su6U8"",""$7.63"",""931"","""","""""
"Clams - Bay,""12BtfimMjU2ru8oNipD3QvCftBCGjceekU"",""$1.49"",""932"","""","""""
"Lychee - Canned,""1LZSDoXuEuk3nQXJ2n42YXsthsDHvyiNNn"",""$7.41"",""933"","""","""""
"Lettuce Romaine Chopped,""1NB815w1AJGEeeEpYMUwsuMuSVKajNv9Xc"",""$6.09"",""934"","""","""""
"Longan,""1PhGWnkhWgf6tRvHjUk2nfNxo5Z1BvnRvM"",""$2.07"",""935"","""","""""
"Garlic,""16xb75dMGfcA68Pjg3WgXARx7jat6SjSDW"",""$0.11"",""936"","""","""""
"Coffee - Frthy Coffee Crisp,""1EzspJStpsP6vTMVq7kpJ8kAGmbHvfPzuZ"",""$9.87"",""937"","""","""""
"Cheese - Parmesan Cubes,""1FPZxgEV4oi8HN23rqc2tkxgyDry6WoKLe"",""$1.18"",""938"","""","""""
"Dehydrated Kelp Kombo,""1yD8vSzN9CtHriS1e17g89pmgivjFBa7K"",""$6.03"",""939"","""","""""
"Bread - Multigrain Oval,""1U9AGh8LsPNk6Xuup65mwvyqU7S94vnGN"",""$7.28"",""940"","""","""""
"Veal - Tenderloin, Untrimmed,""1FMMcS8T8pnBZ91yVwm2REWu57LY6xQx12"",""$5.62"",""941"","""","""""
"Cheese - Ermite Bleu,""1ApueRK31LGznE5Fn3crfnKc42hZQ4Bhn3"",""$8.80"",""942"","""","""""
"Red Snapper - Fillet, Skin On,""14MQmzxbPsRLBQMSL15ypFciDfQU4wh94V"",""$0.13"",""943"","""","""""
"Soup - Beef, Base Mix,""17xCytSZaWNkkb5ReC6P6nMDRDYXC1Q9am"",""$7.71"",""944"","""","""""
"Pastry - Butterscotch Baked,""1CwFxU9po9sHtyZxKg5gJzbVp37zTKb5rM"",""$0.81"",""945"","""","""""
"Danishes - Mini Raspberry,""1H9ZKHgh8PiMc5MyKSHVKiJ7o897hzT371"",""$2.79"",""946"","""","""""
"Cake Circle, Foil, Scallop,""197qUQjnJjZsmSKQa2HWX9QM9LMpUe54t8"",""$6.67"",""947"","""","""""
"Sole - Iqf,""19Q8eQY3GJZgQKEjawwdRvVWZhdQXtGjEc"",""$3.51"",""948"","""","""""
"Veal - Kidney,""12gotWxK8rn7ZnYtcv6Sj7NgStWGEuZykx"",""$7.56"",""949"","""","""""
"Rambutan,""1HZ4nxqkrymwnYLLjnQ4cGwf9qawEeSbJJ"",""$0.56"",""950"","""","""""
"Veal - Nuckle,""14ZuXwqchMGcYvwfz4yLsjtp8D8kMrazxW"",""$8.11"",""951"","""","""""
"Pastry - Baked Scones - Mini,""15BT68LCeCgxMhhBbdB4TGxDYehnZVdfws"",""$4.45"",""952"","""","""""
"Paper - Brown Paper Mini Cups,""1DjxC4WA9kRMgtGa2pXvErksD4hkTh57cv"",""$7.91"",""953"","""","""""
"Lumpfish Black,""1Cskh52pHEoCWzWPzNM8udno5HiMGHXTf5"",""$3.48"",""954"","""","""""
"Pears - Bosc,""17EbnXcJnD2CMqzNUjaunRW8CDJWEfgFnj"",""$1.80"",""955"","""","""""
"Salt - Table,""1FLzrGYtbBnsjsryDnoPCc9Rf99z1fGnpe"",""$5.33"",""956"","""","""""
"Snapple - Mango Maddness,""1Hj3zKBN31bCGCh9t6v6TMKg2cPp6Mpq9i"",""$6.50"",""957"","""","""""
"Cumin - Whole,""1Fe2j1yUzcaRrmRbaq4sMgWFsAgRoqTXjT"",""$2.68"",""958"","""","""""
"Garbag Bags - Black,""1KgBgiuJPCKWow87v7m1TsoHhJ3sTLLo5c"",""$4.18"",""959"","""","""""
"Cookie - Oreo 100x2,""1H44eNx5ZCW87BovSUk3WLgaNssYrZ173G"",""$3.32"",""960"","""","""""
"Lamb - Shanks,""1QEBhsnrdwBSZW3PTcrTUq2XEUeNUkNiZR"",""$1.72"",""961"","""","""""
"Bread - Flat Bread,""1H916bfVCEdDmWr21zLenZXL3RkSBohT8J"",""$4.68"",""962"","""","""""
"Poppy Seed,""1EKYRetPo2UCX92rYcn8gXpeR27WuSBXEZ"",""$0.51"",""963"","""","""""
"Cake - Lemon Chiffon,""14gx1nsh8GnAVE6A4PbB6BYYM78RNRV4fj"",""$0.82"",""964"","""","""""
"Garam Marsala,""1EKwTfRwTPNiGDRyDggNKSLY6nUaUC8iqD"",""$7.67"",""965"","""","""""
"Napkin - Dinner, White,""1PgJTc7d9hE73b4p8WBmtT3cXZbv2S2bTF"",""$3.66"",""966"","""","""""
"Beans - Fava Fresh,""1PLcRirSHDPcfwQmJf2sj222tWrXJFB8iP"",""$5.42"",""967"","""","""""
"Tea - Vanilla Chai,""13aQPw31H3svspKX66dRQfEeUuM7AbHLRz"",""$9.19"",""968"","""","""""
"Strawberries,""1LGREK8krye9JDvn5AMbucQsFcqaFzT6vN"",""$8.95"",""969"","""","""""
"Scampi Tail,""1NgK1ueoXinxoiDoCh424UuGkKXwGFRwUX"",""$2.36"",""970"","""","""""
"Cookies - Englishbay Wht,""1QLVeAXu2NQ2Q28xxThBcGZHgxtHFnGLzv"",""$8.40"",""971"","""","""""
"Longos - Greek Salad,""1PUT4Bsuu58a9V8nJfZnbyZY5oPcK7Q6TH"",""$4.22"",""972"","""","""""
"Lid - 16 Oz And 32 Oz,""14MaW8tA8btDnCntU5qs6jCw2SEe7rn9U1"",""$0.74"",""973"","""","""""
"Sorrel - Fresh,""1K2Yp5EbqpLugyn8gS4S4DK4k22taYMTUF"",""$7.72"",""974"","""","""""
"Nut - Walnut, Chopped,""1KE49JBABCfcNhtLtSUtm94zNzRz1oRpoG"",""$0.56"",""975"","""","""""
"Juice - Orange,""1DKaPbQjyt9ByM4oZfhzdr62oz2wYzE5hP"",""$2.22"",""976"","""","""""
"Juice - Cranberry 284ml,""13xg6S8J5YH9Q1vxAhCwxxPeFyRH5Rbe5x"",""$6.63"",""977"","""","""""
"Chicken Giblets,""1M9M2W4cqQJUbF5gUsyoNrZXPNj483925y"",""$9.11"",""978"","""","""""
"Pastry - Apple Large,""1FCPAT8adFytoWkNQ4CEyNiRc7xtHxCTan"",""$0.57"",""979"","""","""""
"Graham Cracker Mix,""1KPT1ZJyDGf82CMitkynU19NFNz5bk36gM"",""$8.53"",""980"","""","""""
"Kale - Red,""1GxCQ2zrz67rg2h1u69JYZogWCu6wzhE32"",""$7.01"",""981"","""","""""
"Cookies - Englishbay Wht,""13MS25sLanhgWveiQogpssx21Vzdr7GP4s"",""$7.08"",""982"","""","""""
"Sandwich Wrap,""15UG5axb4NAzt2M2jhGcrDZVBdscd9Lrf5"",""$1.33"",""983"","""","""""
"Gatorade - Orange,""16uouiWA2RLLgqwAzvTpL4gdLXpB6cGAud"",""$6.23"",""984"","""","""""
"Beans - Butter Lrg Lima,""14Y8aJxS1amtiFhc3dXhUuSxSWHLTbAf4B"",""$6.97"",""985"","""","""""
"Turkey Leg With Drum And Thigh,""1DvDGELt9fNW7eRMmEP2ijeEvbnXs7SKss"",""$5.87"",""986"","""","""""
"Bread - White Epi Baguette,""13rkDmBPYvcdrbvFbdntaeynPRvPZ4Q1Hd"",""$0.96"",""987"","""","""""
"Bacardi Raspberry,""164y1TLMepMqCAdqwVRyefi8h8dt8jpzda"",""$3.36"",""988"","""","""""
"Wine - White Cab Sauv.on,""151gy5YzLbqcXrX4QsRDMKikTe5kB9cJbi"",""$1.99"",""989"","""","""""
"Cheese - Comtomme,""15Zx4ZhoVfsc6sKXCHCYpd1RAqE6zpppwo"",""$3.22"",""990"","""","""""
"Beans - Black Bean, Dry,""1EvrrGv52wY6sS8pmzLAT4o2V3rwMwnFZ3"",""$8.40"",""991"","""","""""
"Mushroom - Shitake, Fresh,""1M2VSJ8AtQL3Q4rfbueeE6gnfy32vfMKMp"",""$6.88"",""992"","""","""""
"Tomatoes - Plum, Canned,""1MSW6C5QFoQh3A1DK5Q9YsAbpoDFXKkB2y"",""$2.71"",""993"","""","""""
"Compound - Orange,""1PZgBuNYmMqGMEDCwJ5yS4SetPAh7gC9kd"",""$3.48"",""994"","""","""""
"Chocolate - Dark,""17A9UT3Gnt37oQZP2dxjSYnRmWtjV1DGVZ"",""$2.16"",""995"","""","""""
"Bread - Corn Muffaleta Onion,""13ongnmDTSpCHweiTVDuqR1GjcJvr8WbyR"",""$9.79"",""996"","""","""""
"Lobster - Live,""1F4oCaLcfB8UuEJN6YdXijfm6pDjejVGhd"",""$9.20"",""997"","""","""""
"Chocolate - Semi Sweet,""13hnFctvFHMmvfEnFAkuSRUzCskdvnRoW4"",""$2.21"",""998"","""","""""
"Bread - Dark Rye,""1PyPwT9G5Jfg2i1eomDyxTzoxZFo7CfzWi"",""$3.42"",""999"","""","""""
"Venison - Liver,""1JY76JVtdjPoTkgYcU8x6H4HWqNNPH29pG"",""$3.15"",""1000"","""","""""
