Namfix,1,Adelind Madeley
Daltfresh,2,Tully Siman
Namfix,3,Ulric Gapp
Domainer,4,Clement Tanti
Viva,5,Sophronia Cavilla
Regrant,6,Chloris McAuslan
Kanlam,7,Nance Gilyatt
Cookley,8,Wallis Rymmer
Asoka,9,Eadmund Marchent
Alphazap,10,Rex Fishlee
Gembucket,11,Binni Wornum
Zontrax,12,Hillyer Allenson
Temp,13,Damita Pimley
Pannier,14,Carolann Mamwell
Daltfresh,15,Rachele Dymick
Gembucket,16,Veriee Eacle
Flexidy,17,Karney Satterley
Vagram,18,Sybille Westwood
Bitchip,19,Sioux Kleinfeld
Namfix,20,Mannie Mullany
Zamit,21,Gilli Byrom
Wrapsafe,22,Dedra Service
Redhold,23,Laurella Jopke
Andalax,24,Danica Langthorne
Span,25,Ilse Orbon
Fixflex,26,Karalynn Gullis
Prodder,27,Darwin Horbath
Bigtax,28,Klaus Rennie
Stringtough,29,Burt Giffkins
Y-find,30,Reginauld Bemwell
Bigtax,31,Marne Corcoran
Opela,32,Rustin Malcher
Lotstring,33,Mella Senn
Voltsillam,34,Maryanne Gamlin
Opela,35,Kari Wilber
Sub-Ex,36,Kim Tunnicliffe
Bitwolf,37,Teodorico Deason
Bytecard,38,Elvera McSharry
Quo Lux,39,Jarret Timmis
Domainer,40,Benjy Fairfull
Hatity,41,Dulcea Gadney
Alphazap,42,Archer Kilgallen
Namfix,43,Otto Robertz
Regrant,44,Silas Driver
Cardguard,45,Francine Ilden
Daltfresh,46,Kellyann Culross
Asoka,47,Conrad Cleverly
Sub-Ex,48,Wake Paffot
Vagram,49,Herminia Lamplough
Redhold,50,Mab Brindley
Biodex,51,Robinia Wildt
Y-Solowarm,52,Haleigh Stothart
Zontrax,53,Vergil Lugsdin
Tempsoft,54,Cordey Buxcy
Latlux,55,Lyssa Mathe
Ronstring,56,Grethel Bohler
Kanlam,57,Galina Marchand
Zamit,58,Lethia Pischel
Y-find,59,Sigismund Crinage
Zamit,60,Fifine Reid
Bitwolf,61,Skippie Allbrook
Redhold,62,Georgianne Ellicock
Ronstring,63,Aubrie Arnet
Cookley,64,Lenci Toolin
Ventosanzap,65,Dilan Beatty
Viva,66,Chrystal Juanico
Voyatouch,67,Rutger Farnworth
Home Ing,68,Dre Elger
Opela,69,Maxwell Brimble
Stringtough,70,Donetta Havoc
Domainer,71,Farleigh Luchetti
Voyatouch,72,Lauren Raycroft
Bigtax,73,Rivalee Nary
Flowdesk,74,Joli Birchett
Konklux,75,Joseph Curror
Namfix,76,Wilhelmine McIvor
Tampflex,77,Cristian Borrett
Flowdesk,78,Henryetta Gitthouse
Bigtax,79,Joe Panchin
Bamity,80,Florentia Maggi
Zamit,81,Cam MacCosty
Cardguard,82,Myrtice Schukert
Keylex,83,Andrej Uppett
Fixflex,84,Jule Gaitung
Bitwolf,85,Cinda Thacke
Cookley,86,Skelly Phelan
Fix San,87,Zachery Emett
Redhold,88,Pasquale Burner
Veribet,89,Chrissy Kiss
Stim,90,Rodolfo MacGiany
Voyatouch,91,Adan McGurn
Y-find,92,Ikey Trippack
Quo Lux,93,Alwyn Jackling
Mat Lam Tam,94,Carina Menichino
Y-find,95,Terri Allabush
Vagram,96,Roma Barwack
Flexidy,97,Illa Olsson
Cookley,98,Jorge MacDermid
Duobam,99,Fonsie Yorkston
Daltfresh,100,Cloe Stieger
Flowdesk,101,Renae Cribbott
Zaam-Dox,102,Ulysses Rowbotham
Aerified,103,Vail McCaughran
Rank,104,Annis Blundin
Latlux,105,Pattie Schleicher
Mat Lam Tam,106,Milt Shovel
Lotstring,107,Tyrus Taffie
Ronstring,108,Roma Thomasen
Pannier,109,Theodore Vauls
Veribet,110,Maisie Buttner
Matsoft,111,Launce Whatsize
Tampflex,112,Flora Sooper
Asoka,113,Meggie Delooze
Konklux,114,Nichole Rosingdall
Voyatouch,115,Katrina Lowing
It,116,Louella Dunckley
Lotlux,117,Maurise Rought
Tres-Zap,118,Angel Rottgers
It,119,Garrot Avrahamian
Zathin,120,Natty Nelles
Veribet,121,Melinde Dawks
Pannier,122,Reidar Douthwaite
It,123,Gill Nock
Bytecard,124,Zora Follis
Y-Solowarm,125,Kerianne Rummin
Y-find,126,Yardley Colaton
Konklux,127,Belvia Faunt
Cookley,128,Rodney MacShane
Cardify,129,Karlyn Lines
Duobam,130,Becca Hudspith
Cardify,131,Ansell Mungham
Biodex,132,Upton Grigolon
Voyatouch,133,Palm Comelli
Pannier,134,Mead Pauletti
Keylex,135,Marcelle Stewart
Tres-Zap,136,Cymbre Granger
Holdlamis,137,Eugine Petkov
Stringtough,138,Merry Szachniewicz
Prodder,139,Josi Karlsen
Trippledex,140,Kermy Burstow
Tresom,141,Charlene Willavize
Aerified,142,Kiersten Neesam
Job,143,Laina Olorenshaw
Job,144,Mamie Hugonneau
Tampflex,145,Chloe Jackson
Temp,146,Lyle Pedlar
Wrapsafe,147,Ginny Sappell
Kanlam,148,Leonardo Rosenfelt
Bytecard,149,Caressa Batstone
Alpha,150,Lorilyn Breeder
Lotlux,151,Ardella MacDonough
Voltsillam,152,Berte Crocroft
Otcom,153,Britteny Course
Temp,154,Ernaline Denkin
Latlux,155,Silvana Whorton
Cookley,156,Debra Connerry
Regrant,157,Eliza Verbeek
Domainer,158,Joleen Tollow
Prodder,159,Valma Jeakins
Keylex,160,Maisey Elies
Zaam-Dox,161,Pearline Medina
Keylex,162,Boothe Brilon
Fintone,163,Keslie Gilders
Mat Lam Tam,164,Kelsey Fleet
Voyatouch,165,Wilhelmine Laker
Voyatouch,166,Warner Bodiam
Viva,167,Karyl Hagland
Hatity,168,Sherie Hannah
Alphazap,169,Giusto Cartner
Bitwolf,170,Ferne Drewes
Tempsoft,171,Brittaney Addison
Matsoft,172,Laird Lycett
It,173,Marshal Walter
Gembucket,174,Fifi Aldus
Lotstring,175,Wyn Franzke
Namfix,176,Kathleen Rugiero
Daltfresh,177,Ky Glendza
Aerified,178,Nananne Dalla
Quo Lux,179,Effie Strawbridge
Mat Lam Tam,180,Kerby Cicchinelli
Subin,181,Minnnie MacIlhagga
Alphazap,182,Mathew Beeke
Rank,183,Coral Ziemens
Sonair,184,Dwain Hartnup
Voyatouch,185,Gerry Nouch
Prodder,186,Jaquelyn Rollett
Namfix,187,Amy Stimpson
Trippledex,188,Kordula Middle
Greenlam,189,Thaxter Faccini
Aerified,190,Christy Gaytor
Bitchip,191,Anabel Murrigans
Tempsoft,192,Archibald Dougher
Tin,193,Meredith Conen
Tin,194,Euell Van den Oord
Alphazap,195,Arch Hollington
Treeflex,196,Fara Latter
Aerified,197,Sunny Kermath
Hatity,198,Thorin Oattes
Flowdesk,199,Gwenora Noir
Solarbreeze,200,Paola O'Kinneally
Sub-Ex,201,Wallis Keepence
Sub-Ex,202,Delmore Bouldstridge
Tres-Zap,203,Katti Jowett
Bitwolf,204,Osborn Levinge
Overhold,205,Hercule Zincke
Trippledex,206,Penny Garstang
Konklab,207,Kiley Ollington
Asoka,208,Terrel Back
Duobam,209,Midge Danshin
Andalax,210,Fergus Edgars
Matsoft,211,Deloria Bice
Konklux,212,Marcello Wenderott
Fintone,213,Oran Blaszczyk
Bamity,214,Lorain Pund
Wrapsafe,215,Bradney Schimmang
Rank,216,Bil Cokly
Matsoft,217,Kristoforo Greasley
Rank,218,Juliette Rangle
Fix San,219,Guglielmo Ivanenkov
Tempsoft,220,Meier Birkin
Rank,221,Barrett Hesbrook
Vagram,222,Nicol de Leon
Tampflex,223,Stewart Kobpa
Asoka,224,Florance Durston
Solarbreeze,225,Anderea Schmidt
Flexidy,226,Horacio Bevir
Cardify,227,Waylan Solomonides
Zathin,228,Kandace Harwell
Quo Lux,229,Gris De Few
Tin,230,Hercule Eaddy
Sonsing,231,Lanae Fairchild
Flowdesk,232,Rosco Shattock
Span,233,Cassius Erskine
Zoolab,234,Anny Pottberry
Redhold,235,Ros Lewer
Zaam-Dox,236,Krista Merrill
Greenlam,237,Myranda Instone
Home Ing,238,Reginauld Ferrettini
Quo Lux,239,Dieter Vittery
Otcom,240,Jobye Brocks
Alpha,241,Jill Lafferty
Redhold,242,Vinny Zuppa
Mat Lam Tam,243,Poppy Halegarth
Bitchip,244,Sybil Hadlington
Konklux,245,Daffie Denton
Voyatouch,246,Alta Camden
Wrapsafe,247,Shalom Ofield
Duobam,248,Cherianne Snazel
Zoolab,249,Cecilla Kemmons
Bigtax,250,Norman Pennetta
Y-find,251,Augusta Pallis
Wrapsafe,252,Enriqueta Backsal
Andalax,253,Angel Ratnege
Sonsing,254,Lita Vagg
Bigtax,255,Brittney Sarrell
Zaam-Dox,256,Jorey Carlet
Voyatouch,257,Otes Arnolds
Aerified,258,Arin Rodder
Stronghold,259,Stuart Gwillyam
Rank,260,Ketty Woodberry
Wrapsafe,261,Lockwood Deverose
Lotstring,262,Gillie Boller
Temp,263,Devland Kermitt
Duobam,264,Chandler Shotton
Kanlam,265,Ellynn Bowdler
Solarbreeze,266,Caitlin Emerson
Cardify,267,Koo Champion
Sonsing,268,Cayla Loukes
Cardify,269,Brittne Rhymes
Tresom,270,Jasmina Fylan
Rank,271,Rosabelle Steadman
Fixflex,272,Christoffer Chasemore
Vagram,273,Pattie Speller
Flexidy,274,Sholom Woodfine
Job,275,Fitz Haselden
Bamity,276,Thekla Tadman
Home Ing,277,Rosita Gabbot
Fintone,278,Robena McClaurie
Hatity,279,Jerrylee Jude
Overhold,280,Morly Liles
Asoka,281,Durant Shadfourth
Lotlux,282,Dulcea Boules
Sonsing,283,Lindy Andrieux
Alphazap,284,Buiron Brookes
Treeflex,285,Jeannie Frangello
Opela,286,Emelen Kordova
Temp,287,Upton Fillary
Transcof,288,Eloise McColgan
Sonsing,289,Noam Raithmill
Subin,290,Tobe Tubble
Stringtough,291,Garek Pyer
Tempsoft,292,Karia Elloit
Stronghold,293,Sarah Bointon
Rank,294,Amos Vawton
Biodex,295,Joy Amaya
Veribet,296,Linn Hinchcliffe
Bitchip,297,Elisa Dalston
Sonsing,298,Joline Broadbridge
Quo Lux,299,Galven Barrett
Quo Lux,300,Kendra Alleyn
Flexidy,301,Kareem Thrussell
Lotlux,302,Zia Joffe
Keylex,303,Graehme Crossingham
Tin,304,Sophey Fradgley
Andalax,305,Hewie Chimienti
Y-find,306,Goddart Vargas
Bitwolf,307,Fifi Giacoboni
Fintone,308,Rachelle Beakes
Lotlux,309,Isidore Jadczak
Voyatouch,310,Crin Walduck
Alphazap,311,Nealy Bever
Gembucket,312,Perry Melato
Tempsoft,313,Pet Sparkes
Gembucket,314,Tedra O'Brien
Flowdesk,315,Ingeberg Chuck
Bitwolf,316,Gibbie Curnnok
Viva,317,Mira Durbann
Domainer,318,Matteo Milward
Cardguard,319,Arleta Sprade
Hatity,320,Constance Birts
Y-find,321,Barbette Bigmore
Biodex,322,Daven Cary
Bytecard,323,Eric Shergold
Fixflex,324,Loydie Ketley
Bitwolf,325,Moselle Clother
Zamit,326,Caresa McNally
Domainer,327,Guinna Divine
Job,328,Adaline Ygoe
Wrapsafe,329,Granville Coatman
Cardify,330,Sigvard Haimes
Namfix,331,Nonna Pfaff
Voyatouch,332,Sadella Diament
Trippledex,333,Lucho Boulde
Tresom,334,Mervin Bagnold
Duobam,335,Myranda Fairs
Fixflex,336,Sigismund Quinnet
Trippledex,337,Melli Reschke
Opela,338,Read Champniss
Job,339,Urban Sacase
Y-find,340,Adiana Schurig
Regrant,341,Georgeta Schole
Wrapsafe,342,Bunni Sutherel
Rank,343,Johannes Emmer
Fix San,344,Blinny Hebborne
Sub-Ex,345,Oralee Tembridge
Otcom,346,Eugenia Spiers
Veribet,347,Lazar Britney
Latlux,348,Lynette Bachelar
Stronghold,349,Berke Asaaf
Span,350,Filberte Carthy
Rank,351,Chicky Leete
Lotlux,352,Millisent Duligal
Domainer,353,Napoleon Baskerfield
Zaam-Dox,354,Dniren Blount
Lotstring,355,Curran Gilham
Pannier,356,Kally Clemo
Sonsing,357,Harrietta Sevier
Job,358,Else Rudderham
Ventosanzap,359,Olimpia Vieyra
Ventosanzap,360,Lamar Bottrill
Greenlam,361,Domini Whorlton
Daltfresh,362,Callida Scroyton
Namfix,363,Stephi Flynn
Flexidy,364,Orrin Cuardall
Opela,365,Hussein Points
Otcom,366,Carolin Crowther
Zoolab,367,Renault Willshere
Duobam,368,Tony Couper
Y-find,369,Rana Lorait
Daltfresh,370,Marrissa Wellfare
Flowdesk,371,Marv Copello
Tres-Zap,372,Artemis Skoughman
Transcof,373,Sallyann Esparza
Voltsillam,374,Vere Hubbock
Holdlamis,375,Winona Avann
Biodex,376,Marijo Sauter
Redhold,377,Randy Straughan
Bitchip,378,Way Elliott
It,379,Jeannie Kiffin
Bamity,380,Norman Backes
Stronghold,381,Rosella Berriball
Bytecard,382,Carl Lerway
Tempsoft,383,Yardley Hearley
Y-Solowarm,384,Arvin Girardoni
Regrant,385,Chrissie Matitiaho
Bitchip,386,Carree Knapman
Prodder,387,Myles Ianniello
Tres-Zap,388,Rachelle Sirett
Hatity,389,Margarethe Jonah
Y-Solowarm,390,Willi Gibbs
Overhold,391,Standford Mouget
Flexidy,392,Marietta Fireman
Solarbreeze,393,Bryon Arbuckel
Fix San,394,Isidro Gladbeck
Trippledex,395,Kerstin Maddinon
Flowdesk,396,Hal Fearfull
Stronghold,397,Beverlee Tweddell
Sonair,398,Raddie Jopke
Aerified,399,Milissent Bartlett
Transcof,400,Noelani Mickelwright
Solarbreeze,401,Jamil Fazan
Fintone,402,Dollie Beams
Cardify,403,Winthrop Lording
Bamity,404,Renata Basilotta
Fixflex,405,Janifer Negri
Subin,406,Valdemar Oram
Mat Lam Tam,407,Mickie Sauvan
Tampflex,408,Ernaline Dymidowski
Tampflex,409,Maris Goatman
Hatity,410,Kissie Yankishin
Bamity,411,Lisle Zoppo
Daltfresh,412,Derry Scrannage
Toughjoyfax,413,Uta Lille
Zontrax,414,Manfred Stetson
Namfix,415,Janelle Gavaghan
Lotlux,416,Dennison Manton
Gembucket,417,Tess Yglesias
Bytecard,418,Dieter Axtens
Cardify,419,Hugh Domesday
Bitwolf,420,Colly Petegrew
Stronghold,421,Hubey MacAllan
Regrant,422,Ursuline Blose
Subin,423,Benedicto Warrell
Tampflex,424,Elston Erratt
Tresom,425,Timi Syms
Cookley,426,Fabiano Kellock
Toughjoyfax,427,Cyb Blemings
Prodder,428,Sabra Hollyland
Prodder,429,Todd Licciardi
Bitwolf,430,Amandi Arno
Treeflex,431,Benjamin Autin
Tresom,432,Bruis Pilkinton
Job,433,Marjie Flannigan
Home Ing,434,Remington Lyte
Voltsillam,435,Adoree Videneev
Gembucket,436,Quentin Daouse
Regrant,437,Ambrosio Maggiore
Treeflex,438,Stillman Fennick
Stronghold,439,Mikaela Fairtlough
Keylex,440,Tatum Corcoran
Subin,441,Andria Mulroy
Cardguard,442,Nalani Kopp
Vagram,443,Piotr Pentony
Temp,444,Isabelle Petrillo
Lotlux,445,Kent Furman
Subin,446,Bay Dirand
Trippledex,447,Gustavus Zamora
Alpha,448,Audie Denkel
Subin,449,Arlan Huburn
Ventosanzap,450,Corny Getcliff
Stringtough,451,Nessi Kettlesting
Pannier,452,Malia Dering
Fix San,453,Tildy Elles
Transcof,454,Lorianna Fealy
Tempsoft,455,Ansel Patridge
Overhold,456,Killy McLewd
Otcom,457,Penn Hatherall
Latlux,458,Bonnee Tavner
Job,459,Merrile Mardoll
Bigtax,460,Maire Middlemist
Viva,461,Neda Hakes
Cardguard,462,Julie Schneidar
Voltsillam,463,Piggy Grew
Biodex,464,Jordan Dannell
Trippledex,465,Arnold Trace
Quo Lux,466,Alverta Selvey
Rank,467,Thadeus Stienham
Sub-Ex,468,Frayda Avramovich
Wrapsafe,469,Aubree Fernant
Kanlam,470,Theresina Jenken
Konklab,471,Tod Bernardini
Zontrax,472,Elfrieda Gentile
Lotstring,473,Fawne Yanele
Zamit,474,Mattie Habert
Subin,475,Bail Hambribe
Toughjoyfax,476,Ritchie Meneghi
Y-Solowarm,477,Wiatt Dimitrijevic
Greenlam,478,Petrina Radden
Duobam,479,Bendicty Vinter
Ventosanzap,480,Judd Shefton
Kanlam,481,Goddart Siflet
Asoka,482,Aeriel Fundell
Y-Solowarm,483,Milissent Spencock
Regrant,484,Petey Barnsdale
Prodder,485,Rayshell Sivills
Voyatouch,486,Kaleena Chrestien
Treeflex,487,Farra Lyal
Zoolab,488,Hurleigh Leil
Cardguard,489,Theodor Earthfield
Ronstring,490,Rosalyn Axel
Stronghold,491,Port Figin
Lotstring,492,Maureen Gutierrez
Temp,493,Chloris Melley
Namfix,494,Isabeau Blaxland
Quo Lux,495,Clim Puckring
Trippledex,496,Berrie Stable
Keylex,497,Joshia McLurg
Bitwolf,498,Nero Eddoes
Andalax,499,Guy Bravey
Temp,500,See Andretti
Zoolab,501,Hermy Springell
Voltsillam,502,Del Reina
Cardguard,503,Crysta Jakeman
Ventosanzap,504,Lishe Lugton
Andalax,505,Marnia Morch
Greenlam,506,Daven McIlenna
Job,507,Zelda Krook
Stronghold,508,Erin Eakeley
Home Ing,509,Jorie Aves
Holdlamis,510,Violetta Yakobowitch
Span,511,Noah Rilton
Y-find,512,Janot Blick
Cardify,513,Brittaney St. Aubyn
Bigtax,514,Afton Cornforth
Veribet,515,Marie-jeanne Normand
Gembucket,516,Ludovika Bartelli
Transcof,517,Tabbatha Abdey
Andalax,518,Dorise Togher
Sonair,519,Lamar Creebo
Otcom,520,Nikaniki Zannutti
Lotstring,521,Samara Aggio
Namfix,522,Berget Hasnney
Hatity,523,Annette Edards
Tin,524,Becka Bisterfeld
Hatity,525,Merrel Elgey
Matsoft,526,Saidee Jancey
Fintone,527,Dina Lording
Domainer,528,Gian Pellew
Ventosanzap,529,Geoffrey Churchyard
Zoolab,530,Britt Larkworthy
Overhold,531,Trixy Arton
Tin,532,Patrice Ainsley
Keylex,533,Maud Wieprecht
Bitwolf,534,Penni Paulo
Sub-Ex,535,Ruben Livingstone
Redhold,536,Pippa Beeching
Zamit,537,Lonny Fagan
Cookley,538,Prinz Goff
It,539,Bartlett Sivil
Keylex,540,Hermon Haggerwood
Subin,541,Malachi Whytock
Tin,542,Betsy Booth
Lotstring,543,Floyd Laphorn
Stringtough,544,Addie Drinkale
Flowdesk,545,Lexis Cowerd
Trippledex,546,Minette Volage
Wrapsafe,547,Sibelle Wevell
Sonsing,548,Darcee Fendlen
Gembucket,549,Amory Jakubiak
Y-Solowarm,550,Janeva Tamas
Viva,551,Pete Pinnijar
Zoolab,552,Heather Domingues
Stronghold,553,Isiahi Calderbank
Otcom,554,Lib Helin
Trippledex,555,Giovanni Josipovitz
Otcom,556,Claire De Witt
Y-Solowarm,557,Calley Wotherspoon
Hatity,558,Paolina Hadfield
Biodex,559,Torrence Clifton
Stronghold,560,Yardley Clowley
Solarbreeze,561,Tam Orrock
Domainer,562,Cullan Willwood
Ronstring,563,Adolpho Gillions
Home Ing,564,Uri Hooke
Sub-Ex,565,Pru Terrans
Bigtax,566,Rachel Kubas
Duobam,567,Verine Domange
Duobam,568,Jacquelin Garrud
Flowdesk,569,Kimbra Mulbry
Overhold,570,Jerrie Simonnot
Tampflex,571,Lise Illston
Alphazap,572,Gianina Hartgill
Bitwolf,573,Davis Driffe
Alphazap,574,Marietta McGaughey
Redhold,575,Shandeigh Dodman
Overhold,576,Isacco Gowry
Fixflex,577,Gunter Millichap
Cardguard,578,Caralie Bondar
Sonair,579,Borg Szach
Flexidy,580,Nollie Birchall
Cardguard,581,Wells Couchman
Bigtax,582,Graig Bricksey
Aerified,583,Nicol Ruzic
Fintone,584,Coralyn Silwood
Regrant,585,Yvor Gratrex
Voyatouch,586,Massimo Guiett
Home Ing,587,Cicely Lickorish
Regrant,588,Shawn Brislen
Gembucket,589,Alie Briiginshaw
Y-find,590,Brigham Hawick
Fintone,591,Hayley Raccio
Span,592,Maiga Kollatsch
Tres-Zap,593,Findley Swaine
Greenlam,594,Lorenza Skurm
Tin,595,Nissa Tomankowski
Alpha,596,Auberta Bugdell
Fix San,597,Fannie Paule
Fintone,598,Karlene Meyer
Tampflex,599,Netty Bagley
Konklux,600,Susie Gemmell
Biodex,601,Legra Doncaster
Bitwolf,602,Solly Sheals
Daltfresh,603,Giralda Cucinotta
Bitwolf,604,Terese Cubbit
Voyatouch,605,Obediah Tytterton
Zoolab,606,Lucienne Rosson
Viva,607,Rhodia Neaverson
Konklux,608,Rodrick Farnworth
Stim,609,Bernadina Lobe
Viva,610,Wylie Jeffries
Fix San,611,Kim Beaves
Tempsoft,612,Tymon Oliff
Viva,613,Darla Yearnsley
Bitwolf,614,Burnard Brookhouse
Prodder,615,Lindi Askew
Biodex,616,Theodor Giraudou
Home Ing,617,Pavia Bazoche
Gembucket,618,Timoteo Griston
Vagram,619,Gordie Watkinson
Stronghold,620,Calypso McKimmie
Stronghold,621,Barn MacGaughie
Konklux,622,Hedwig Chinge de Hals
Redhold,623,Karisa Balshaw
Flexidy,624,Corena Benasik
Zathin,625,Mitch Pears
Cardguard,626,Astrix Goade
Voltsillam,627,Fiann Studdard
It,628,Addy Vannet
Gembucket,629,Kipp Robelin
Voltsillam,630,Rosalinde Markey
Lotlux,631,Karlis Fury
Toughjoyfax,632,Darrel Cobbing
Kanlam,633,Chrissie Bedding
Alpha,634,Myron Matyja
Aerified,635,Peder Mathey
Veribet,636,Lauralee Chater
Tres-Zap,637,Merill Pitrelli
Fintone,638,Sharline Abba
Otcom,639,Kimble Booth-Jarvis
Tres-Zap,640,Silvano Pawlick
Y-find,641,Gian Toone
Trippledex,642,Cortie Rutledge
Konklab,643,Cash Chadwen
Ventosanzap,644,Debi Finders
Latlux,645,Tyrus Corstorphine
Rank,646,Nita Harrell
Holdlamis,647,Antonietta Sackur
Treeflex,648,Jillana Le Bosse
Fintone,649,Cathrine Harling
Tresom,650,Rock Hayth
Y-find,651,Jourdain Elderfield
Flexidy,652,Roman Clackers
Bitchip,653,Warde Ogle
Tresom,654,Bryn Lagne
Gembucket,655,Lutero Ormes
Hatity,656,Tad Pettyfar
Flexidy,657,Roddy Harling
Ventosanzap,658,Nerta Marklin
Subin,659,Manuel Meaton
Treeflex,660,Laughton Sancraft
Andalax,661,Herby Petrusch
Zoolab,662,Oneida Wharin
Ronstring,663,Lissie Farrens
Bitchip,664,Ellyn O'Toole
Bigtax,665,Nate Callacher
Home Ing,666,Delphinia Turpie
Span,667,Tuck Clevely
Flowdesk,668,Theda Blower
Zontrax,669,Joli Woodfield
Solarbreeze,670,Tye Roskelly
Zoolab,671,Anna-diane Needs
Tempsoft,672,Sam Ziemsen
Domainer,673,Heall Franken
Otcom,674,Johnathan Virgoe
Daltfresh,675,Anson Hallihane
Fixflex,676,Sancho Pearsall
Bitchip,677,Mauricio Stroulger
Zoolab,678,Chilton Bontein
Fix San,679,Tandie Simmill
Stim,680,Minor Berrisford
Namfix,681,Jsandye Foli
Tresom,682,Shaun Weldrake
Hatity,683,Devland Huckin
Cookley,684,Clark Haquin
Konklab,685,Yasmin Aylett
Rank,686,Ferris Dumbare
Tresom,687,Cassie Purkis
Tresom,688,Homere Braben
Daltfresh,689,Willow Hantusch
Sonair,690,Rikki Olliff
Daltfresh,691,Emmy Saye
Flexidy,692,Ofella Stoeckle
It,693,Bary Loukes
Zoolab,694,Roger Doog
Hatity,695,Roddie Andrick
Y-find,696,Jillana Prestner
Greenlam,697,Mora Epp
Treeflex,698,Tirrell Reddihough
Voyatouch,699,Amelita Penrice
Span,700,Dru Yitshak
Y-Solowarm,701,Saraann Fergie
Zamit,702,Leontyne Rawnsley
Asoka,703,Bel Beven
Quo Lux,704,Avictor Cassidy
Stronghold,705,Beth Darbey
Lotstring,706,Sibylla Wimsett
Wrapsafe,707,Tressa Spinas
Tempsoft,708,Ambros Tancock
Fix San,709,Jimmy Eller
Tin,710,Noel Nuton
Alpha,711,Pavel Turfin
Sub-Ex,712,Fergus Warstall
Tin,713,Winona MacCaughen
Fixflex,714,Jean Easseby
Bytecard,715,Arvy Culleford
Zoolab,716,Adair Oxenham
Kanlam,717,Eda Aspden
Viva,718,Blanca Aubury
Voyatouch,719,Kristina Chatto
Mat Lam Tam,720,Melany Whyley
Zontrax,721,Clarita Isaacs
Zontrax,722,Maxi Gedling
Tempsoft,723,Elfie Riba
Y-find,724,Aubry Vannah
Bytecard,725,Town Riddett
Voyatouch,726,Marwin Netherwood
Fixflex,727,Barnaby Juszkiewicz
Flexidy,728,Eugenius Houdmont
Flowdesk,729,Ferdinande Le Monnier
Sub-Ex,730,Adey Sneesbie
Stronghold,731,Warden Kleisle
Span,732,Tobey Tewes
Zontrax,733,Haskell Filyashin
Biodex,734,Adrienne Sparrow
Fintone,735,Mead Deadman
Lotlux,736,Dorian Goodridge
Holdlamis,737,Elsbeth Freathy
Keylex,738,Justino Castanie
Redhold,739,Wally Fricke
Quo Lux,740,Elfie Jonk
Andalax,741,Arne Pembridge
Solarbreeze,742,Rory Feldbaum
Bitchip,743,Raye Murrish
Mat Lam Tam,744,Alexina MacRitchie
Zathin,745,Karrie Sprey
Otcom,746,Edgar Zeal
Holdlamis,747,Dyanne Denisard
Bamity,748,Aliza Karoly
Biodex,749,Linzy O'Siaghail
Mat Lam Tam,750,Mady Rozea
Tempsoft,751,Burlie Blewitt
Ronstring,752,Ilise Sheerman
Tin,753,Lowell Isaaksohn
Asoka,754,Juan Kensit
Quo Lux,755,Marilyn Georg
Duobam,756,Abagael Houtbie
Overhold,757,Katheryn Laffranconi
Tresom,758,Gian Fitzsymonds
Bytecard,759,Sheena Begent
Bigtax,760,Harriett Millan
Sonair,761,Valentina Zarb
Lotlux,762,Elsbeth Weine
Namfix,763,Sherm Hancke
Stim,764,Pinchas Slorach
Redhold,765,Junie Lynnitt
Lotlux,766,Marilin Popley
Sub-Ex,767,Claiborn Beall
It,768,Maud Gueny
Tin,769,Jazmin Sizland
Ventosanzap,770,Gill Tooley
Job,771,Alina Isacsson
Sonsing,772,Axel Hinchshaw
Y-Solowarm,773,Oneida Sparkwill
Gembucket,774,Hasty Lehemann
Job,775,Conni Spottswood
Cookley,776,Hughie Ohanessian
Konklux,777,Fabian Cocklie
Fixflex,778,Angele Cashin
Span,779,Sukey Gowar
Sub-Ex,780,Kit Statefield
Y-Solowarm,781,Editha Klimke
Flexidy,782,Berk Dayce
Cardguard,783,Felicle Butt
Bigtax,784,Nicolis Coultar
Matsoft,785,Amery Mussard
Job,786,Simone Gasnoll
Tin,787,Starr Clooney
Cardguard,788,Stern Jandac
Biodex,789,Nichole Kryszka
Flexidy,790,Kaleena Bancroft
Zoolab,791,Cy Blees
Solarbreeze,792,Reta Batalle
Zathin,793,Tomlin Dracey
Veribet,794,Michail Cawsey
Quo Lux,795,Ximenes Waulker
Zamit,796,Beatriz Dyster
Stim,797,Thaddeus Cusiter
Flexidy,798,Osbert Allden
Redhold,799,Damien Longcaster
Y-Solowarm,800,Devy Ambroisin
Biodex,801,Orazio Timlin
Tin,802,Jarrett Maggorini
Ronstring,803,Tabina Chuter
Sonair,804,Ephrem Henkens
Subin,805,Glynnis Walesa
Bitchip,806,Shaylah Lillicrap
Y-Solowarm,807,Mureil Ousley
Toughjoyfax,808,Carmelita Franceschielli
Vagram,809,Butch Aleshintsev
Asoka,810,Karim Daldan
Voltsillam,811,Miles Winders
Transcof,812,Winonah Langfield
Matsoft,813,Bone Brasier
Voltsillam,814,Kelila Livett
Y-Solowarm,815,Heida Jaggers
Bitwolf,816,Bartholomeo Schlagtmans
Flexidy,817,Ricca Bartoszewicz
Zaam-Dox,818,Elihu Sephton
Temp,819,Roseline Gwinnel
Rank,820,Marlowe Jumonet
Stronghold,821,Titus Jerisch
Ronstring,822,Reagen Zanitti
Ventosanzap,823,Flint Noweak
Stringtough,824,Kimberley Luton
Stronghold,825,Edouard Dallyn
Rank,826,Travus Shearston
Tin,827,Ariana Lean
Tres-Zap,828,Melody Wogan
Vagram,829,Ailey Whitrod
Overhold,830,Jamal Kleuer
Sub-Ex,831,Phyllis Zuker
Latlux,832,Melesa Maude
Latlux,833,Quintus Frontczak
Zoolab,834,Kris Marchand
Y-find,835,Salomon Truggian
Regrant,836,Svend Delgaty
Domainer,837,Kyle Macia
Flowdesk,838,Kippie Disbrey
Flexidy,839,Travis Glowach
Wrapsafe,840,Liam Chartre
Bytecard,841,Murielle Ivison
Gembucket,842,Lotta Torrisi
Alphazap,843,Luz Straker
Bytecard,844,Rodrick Moxsom
It,845,Wang Sandhill
Trippledex,846,Harley Haynesford
Span,847,Denny Glasgow
Domainer,848,Shirline Wordsworth
Duobam,849,Frazer Jaynes
Domainer,850,Lacey Inold
Aerified,851,Gualterio Schimmang
Fintone,852,Mikaela Cunniffe
Lotstring,853,Pris Tythacott
Temp,854,Jilly Dickens
Fix San,855,Kerry Coales
Lotlux,856,Olivier Romain
Trippledex,857,Graham Slader
Transcof,858,Selene Spalls
Kanlam,859,Dalila MacAnellye
Tampflex,860,Tremayne Shakesby
Tres-Zap,861,Bill Belch
Treeflex,862,Lucian McCowen
Ronstring,863,Lauri Tomaello
Sub-Ex,864,Caz Height
Rank,865,Lela Stuckey
Tresom,866,Miran Ghidotti
Y-find,867,Hurley Sauniere
Ventosanzap,868,Rosabella Trail
Lotlux,869,Joshia Assad
Konklab,870,Luelle Hartley
Lotlux,871,Georgie Schruurs
Cardify,872,Martica Paffett
Home Ing,873,Wolf Hansard
Asoka,874,Micah Joscelin
Span,875,Berky Scarman
Vagram,876,Alix Tarply
Zontrax,877,Lorine Setford
Overhold,878,Caresa Tenney
Tresom,879,Ranique Beckford
Namfix,880,Melli Burchmore
Redhold,881,Ingeborg Thunderchief
Quo Lux,882,Axe Vsanelli
Flowdesk,883,Shurlock Quare
Tresom,884,Dory Boustead
Lotstring,885,Berti Fannin
Tin,886,Mark Willisch
Zaam-Dox,887,Emmalee Prop
Solarbreeze,888,Ailene Cufflin
Home Ing,889,Banky Howler
Bitwolf,890,Artus McGarvie
Bytecard,891,Ebonee Stringer
Fix San,892,Tyrus Phillins
Opela,893,Niki Grevile
Temp,894,Jarred Killock
Flexidy,895,Sarette Smee
Stronghold,896,Simona Eidler
Fintone,897,Aubry Sabberton
Domainer,898,Ephrayim Largent
Treeflex,899,Romola Jobin
Greenlam,900,Chad Lamar
Asoka,901,Stevana McKee
Ronstring,902,Ric Knight
Alphazap,903,Tiebold Saket
Overhold,904,Vin Jopson
Cookley,905,Gregoor James
Tresom,906,Nona Benez
Y-find,907,Shelbi Saberton
Hatity,908,Carly Bugler
Stronghold,909,Ambrosi Gliddon
Bitchip,910,Hughie Sebring
Cardguard,911,Jimmy Milmo
Tres-Zap,912,Cybil Gratrex
Bytecard,913,Everard Garvin
Y-Solowarm,914,Felicdad Rawlcliffe
Treeflex,915,Nara Knight
Lotstring,916,Jessamine Tuma
Stim,917,Leela Slides
Stim,918,Ardella Rosenfeld
Subin,919,Thia Rofe
Voyatouch,920,Patricio Longhirst
Zathin,921,Veronique Pillifant
Sonsing,922,Martynne Leonardi
Matsoft,923,Georgette Towe
Prodder,924,Sephira Verden
Bamity,925,Mortimer Margetts
Kanlam,926,Cindee Guion
Stringtough,927,Parsifal Ricardin
Temp,928,Marice Pedder
Subin,929,Hiram Spondley
Bitwolf,930,Prescott Carle
Viva,931,Emalia Inott
Sonsing,932,Quintin Wormleighton
Daltfresh,933,Melina Cartmel
Stronghold,934,Regan Stonham
Mat Lam Tam,935,Eduard Fishby
Opela,936,Federica Klasing
Bigtax,937,Tamara Syversen
Voltsillam,938,Dareen Ripsher
Viva,939,Antoinette Bevan
Tresom,940,Marcelline Algy
Y-Solowarm,941,Rosa Klementz
Home Ing,942,Nanci Duffer
Job,943,Amara Fincham
Pannier,944,Nicki Pierro
Subin,945,Lem Whitby
Y-Solowarm,946,Pollyanna Likly
Tempsoft,947,Flem Carrel
Span,948,Lexie Walesby
Otcom,949,Sol Tennick
Fixflex,950,Alison McSperrin
Sonsing,951,Wainwright Halpin
Veribet,952,Sonnie Joanic
Y-find,953,Roma Lambal
Prodder,954,Marcellina Howgate
Fintone,955,Shaine Spira
Span,956,Darcey Robertis
Voyatouch,957,Georgetta Ivakin
Pannier,958,Colly Blaxton
Y-find,959,Vinny Cackett
Tresom,960,Isidro Vockings
Vagram,961,Lilyan Whitington
Tresom,962,Ellen Verheyden
Stronghold,963,Hi Sholl
Tresom,964,Lindy Gabbitus
Bitchip,965,Mikey Eccleston
Y-Solowarm,966,Clay Pantlin
Matsoft,967,Emmie Jelks
Vagram,968,Godiva Willoughway
Fixflex,969,Jeane Gallehawk
Sub-Ex,970,Davina Maly
Flowdesk,971,Wait Cordner
Tin,972,Base Petzolt
Stim,973,Tammara McNeilley
Pannier,974,Haleigh Raithbie
Lotstring,975,Rosabelle Weippert
Biodex,976,Jacques Cejka
Holdlamis,977,Cosimo Felder
Zathin,978,Emory Clemmitt
Mat Lam Tam,979,Sande Kemish
Namfix,980,Jillana Wassung
Latlux,981,Lucas Shirlaw
Mat Lam Tam,982,Vere Bretherick
Bigtax,983,Tammie Elfitt
Holdlamis,984,Jamey Cobbin
Tempsoft,985,Romona Bonhome
Latlux,986,Tomlin Do
Trippledex,987,Liza Burgise
Mat Lam Tam,988,Vanna Venart
Kanlam,989,Florinda Josefsohn
Subin,990,Fons Musico
Tempsoft,991,Bunni Foresight
Andalax,992,Nigel Alpine
Toughjoyfax,993,Meggi Iseton
Hatity,994,Monro McMains
Gembucket,995,Bert Face
Prodder,996,Mallory Graddell
Span,997,Valaria Astling
Fix San,998,Kamillah Tieraney
Wrapsafe,999,Meade Lief
Kanlam,1000,Ware Finnie
